CREATE DATABASE /*!32312 IF NOT EXISTS*/`Timetable` /*!40100 DEFAULT CHARACTER SET utf8mb4 */;

USE `Timetable`;

DROP TABLE IF EXISTS `Course`;

CREATE TABLE `Course` (
  `comcod` int unsigned NOT NULL,
  `courseName` varchar(50) NOT NULL,
  `courseTitle` varchar(100) NOT NULL,
  `credit` int unsigned NOT NULL,
  `compreSch` varchar(100),
  PRIMARY KEY (`comcod`)
) ENGINE=InnoDB DEFAULT CHARSET=utf8mb4;

DROP TABLE IF EXISTS `Schedule`;

CREATE TABLE `Schedule` (
  `comcod` int unsigned NOT NULL,
  `section` varchar(20) NOT NULL,
  `room` int unsigned,
  `time` varchar(20),
  PRIMARY KEY(`comcod`, `section`)
) ENGINE=InnoDB DEFAULT CHARSET=utf8mb4;

DROP TABLE IF EXISTS `InstNames`;

CREATE TABLE `InstNames` ( 
	`insID` INT PRIMARY KEY AUTO_INCREMENT,
	`profName` VARCHAR(100) NOT NULL,
	CONSTRAINT `insID_unique` UNIQUE (`insID`)
) ENGINE=InnoDB DEFAULT CHARSET=utf8mb4;

DROP TABLE IF EXISTS `Instructors`;

CREATE TABLE `Instructors` (
  `comcod` int unsigned NOT NULL,
  `section` varchar(20) NOT NULL,
  `profId` varchar(100) NOT NULL,
  PRIMARY KEY (`comcod`, `section`, `profId`)
) ENGINE=InnoDB DEFAULT CHARSET=utf8mb4;

insert  into `Course`(`comcod`,`courseName`,`courseTitle`,`credit`,`compreSch`) values
(1001, 'BIO F110', 'BIOLOGY LABORATORY', 1, NULL),
(1002, 'BIO F111', 'GENERAL BIOLOGY', 3, '20/12 FN'),
(1112, 'BIO F211', 'BIOLOGICAL CHEMISTRY', 3, '17/12 FN'),
(1114, 'BIO F212', 'MICROBIOLOGY', 4, '28/12 FN'),
(1113, 'BIO F213', 'CELL BIOLOGY', 3, '13/12 FN'),
(1115, 'BIO F214', 'INTEGRATED BIOLOGY', 3, '22/12 FN'),
(1430, 'BIO F242', 'INTRO TO BIOINFORMATICS', 3, '17/12 FN'),
(1651, 'BIO F266', 'STUDY PROJECT', 3, NULL),
(1427, 'BIO F311', 'RECOMBINANT DNA TECH', 3, '24/12 FN'),
(1428, 'BIO F312', 'PLANT PHYSIOLOGY', 3, '27/12 FN'),
(1429, 'BIO F313', 'ANIMAL PHYSIOLOGY', 3, '18/12 FN'),
(1431, 'BIO F341', 'DEVELOPMENTAL BIOLOGY', 3, '23/12 FN'),
(1650, 'BIO F366', 'LABORATORY PROJECT', 3, NULL),
(1736, 'BIO F367', 'LABORATORY PROJECT', 3, NULL),
(1685, 'BIO F376', 'DESIGN PROJECT', 3, NULL),
(1752, 'BIO F377', 'DESIGN PROJECT', 3, NULL),
(1433, 'BIO F417', 'BIOMOLECULAR MODELING', 3, '23/12 FN'),
(1434, 'BIO F418', 'GENETIC ENGINEERING TECH', 4, '24/12 AN'),
(1436, 'BIO F421', 'ENZYMOLOGY', 3, '28/12 FN'),
(1710, 'BIO F491', 'SPECIAL PROJECT', 3, NULL),
(71, 'BIO G512', 'MOLEC MECH OF GENE EXPRE', 5, '22/12 AN'),
(388, 'BIO G513', 'MICROBIAL FERMENT TECHNO', 5, '17/12 AN'),
(392, 'BIO G514', 'MOLECULAR IMMUNOLOGY', 5, '22/12 AN'),
(111, 'BIO G515', 'STEM CELL & REGENER BIO', 4, '28/12 AN'),
(2009, 'BIO G523', 'ADV & APPLIED MICROBIO', 5, '27/12 AN'),
(2008, 'BIO G524', 'ANIMAL CELL TECHNOLOGY', 5, '23/12 AN'),
(192, 'BIO G526', 'CANCER BIOLOGY', 5, '17/12 AN'),
(2015, 'BIO G532', 'BIOSTATISTICS & BIOMODEL', 4, '20/12 AN'),
(151, 'BIO G542', 'ADVANCED CELL MOLE BIO', 5, '28/12 AN'),
(1887, 'BIO G570', 'RECENT DEVELOPMENTS IN BIOLOGY', 1, '17/12 FN'),
(2016, 'BIO G612', 'HUMAN GENETICS', 5, '20/12 AN'),
(1375, 'BIOT F424', 'FOOD BIOTECHNOLOGY', 3, '23/12 FN'),
(549, 'BITS C790T', 'INDEPENDENT STUDY', 1, NULL),
(596, 'BITS C791T', 'TEACHING PRACTICE I', 1, NULL),
(520, 'BITS C797T', 'PH D SEMINAR', 1, NULL),
(553, 'BITS C799T', 'PH D THESIS', 10, NULL),
(857, 'BITS E793T', 'PRACTICE LECT SERIES I', 1, NULL),
(1003, 'BITS F110', 'ENGINEERING GRAPHICS', 2, '14/12 AN'),
(1004, 'BITS F111', 'THERMODYNAMICS', 3, '23/12 FN'),
(1005, 'BITS F112', 'TECHNICAL REPORT WRITING', 2, '18/12 AN'),
(1858, 'BITS F113', 'GENERAL MATHEMATICS  I', 3, '24/01 AN'),
(1892, 'BITS F214', 'SCIENCE TECH & MODERNITY', 3, '15/12 FN'),
(1861, 'BITS F218', 'GENERAL MATHEMATICS  III', 3, '28/12 FN'),
(1862, 'BITS F219', 'PROCESS ENGINEERING', 3, '22/12 FN'),
(1632, 'BITS F225', 'ENVIRONMENTAL STUDIES', 3, '20/12 FN'),
(1334, 'BITS F312', 'NEURAL NET & FUZZY LOGIC', 3, '17/12 FN'),
(1335, 'BITS F343', 'FUZZY LOGIC & APPL', 3, '22/12 FN'),
(1336, 'BITS F364', 'HUMAN COMP INTERACTION', 3, '23/12 FN'),
(1791, 'BITS F382', 'READING COURSE', 3, NULL),
(1512, 'BITS F385', 'INTRO TO GENDER STUDIES', 3, '18/12 FN'),
(1592, 'BITS F412', 'PRACTICE SCHOOL II', 20, NULL),
(1615, 'BITS F413', 'PRACTICE SCHOOL II', 20, NULL),
(1248, 'BITS F415', 'INTRODUCTION TO MEMS', 4, '20/12 FN'),
(1770, 'BITS F418', 'INTRO TO BIOMEDICAL ENGG', 4, '22/12 FN'),
(1593, 'BITS F421T', 'THESIS', 16, NULL),
(1616, 'BITS F422T', 'THESIS', 16, NULL),
(1617, 'BITS F423T', 'THESIS', 9, NULL),
(1619, 'BITS F424T', 'THESIS', 9, NULL),
(2317, 'BITS F427', 'DIGITAL MARKETING', 3, '13/12 AN'),
(1806, 'BITS F431', 'FLEXIBLE MANUFAC SYST', 4, '24/12 AN'),
(2318, 'BITS F433', 'SUPPLY CHAIN ANALYTICS', 4, '17/12 AN'),
(2001, 'BITS F437', 'TECHNICAL COMMUNICATION', 3, '11/12 FN'),
(2433, 'BITS F451', 'AUTONOMOUS MOBILE ROBOTICS', 3, '17/12 FN'),
(1796, 'BITS F462', 'RENEWABLE ENERGY', 3, '17/12 FN'),
(1339, 'BITS F464', 'MACHINE LEARNING', 3, '13/12 FN'),
(1379, 'BITS F467', 'BIOETHICS & BIOSAFETY', 3, '20/12 FN'),
(1797, 'BITS F468', 'NEW VENTURE CREATION', 3, NULL),
(1641, 'BITS F482', 'CREAT & LEAD ENTREP ORGN', 3, '20/12 FN'),
(1852, 'BITS F490', 'PROJECT MANAGEMENT', 4, '23/12 AN'),
(1804, 'BITS F494', 'ENV IMPACT ASSESSMENT', 4, '20/12 FN'),
(499, 'BITS G511', 'ADVANCED PROJECT', 5, NULL),
(547, 'BITS G513', 'STUDY IN ADVANCED TOPICS', 5, NULL),
(754, 'BITS G529', 'RESEARCH PROJECT I', 6, NULL),
(755, 'BITS G539', 'RESEARCH PROJECT II', 6, NULL),
(2003, 'BITS G540', 'RESEARCH PRACTICE', 4, NULL),
(9, 'BITS G553', 'REAL TIME SYSTEMS', 5, '20/12 AN'),
(559, 'BITS G560', 'PRACTICE SCHOOL', 20, NULL),
(575, 'BITS G561T', 'DISSERTATION', 16, NULL),
(2164, 'BITS G562T', 'DISSERTATION', 16, NULL),
(2165, 'BITS G563T', 'DISSERTATION', 16, NULL),
(756, 'BITS G629T', 'DISSERTATION', 16, NULL),
(809, 'BITS G639', 'PRACTICE SCHOOL', 20, NULL),
(757, 'BITS G649', 'READING COURSE', 5, NULL),
(2167, 'BITS G661', 'RESEARCH METHODOLOGY I', 5, NULL),
(1073, 'CE F211', 'MECHANICS OF SOLIDS', 3, '28/12 FN'),
(1075, 'CE F213', 'SURVEYING', 4, '17/12 FN'),
(2279, 'CE F230', 'CIVIL ENGINEERING MATERIALS', 4, '13/12 FN'),
(2280, 'CE F231', 'FLUID MECHANICS', 3, '22/12 FN'),
(1652, 'CE F266', 'STUDY PROJECT', 3, NULL),
(1196, 'CE F312', 'HYDRAULIC ENGINEERING', 4, '15/12 FN'),
(1197, 'CE F313', 'FOUNDATION ENGINEERING', 3, '27/12 FN'),
(2281, 'CE F320', 'DESIGN OF RE CONCRETE STRU', 3, '24/12 FN'),
(2282, 'CE F321', 'ENGINEERING HYDROLOGY', 3, '13/12 FN'),
(1215, 'CE F323', 'INTRO TO ENVIRN ENGG', 3, '13/12 FN'),
(2304, 'CE F325', 'FUNDAMENTALS OF ROCK MECHANICS', 3, '20/12 FN'),
(1667, 'CE F366', 'LABORATORY PROJECT', 3, NULL),
(1737, 'CE F367', 'LABORATORY PROJECT', 3, NULL),
(1686, 'CE F376', 'DESIGN PROJECT', 3, NULL),
(1753, 'CE F377', 'DESIGN PROJECT', 3, NULL),
(1231, 'CE F417', 'APP OF AI IN CIVIL ENGG', 3, '17/12 FN'),
(1221, 'CE F426', 'GEOSYN & REIN SOIL STR', 3, '23/12 FN'),
(1228, 'CE F433', 'REMOTE SENS & IMAGE PROC', 4, '22/12 FN'),
(1234, 'CE F435', 'INTRODUCTION TO FEM', 3, '22/12 FN'),
(1711, 'CE F491', 'SPECIAL PROJECT', 3, NULL),
(433, 'CE G515', 'FUNDAMENTALS OF SYS ENGG', 4, '28/12 AN'),
(325, 'CE G523', 'TRAN SYST PLAN & MANAGE', 4, '23/12 AN'),
(950, 'CE G525', 'WATER RESOUR PLAN & MANA', 4, '27/12 AN'),
(278, 'CE G527', 'CONSTRUCTION MANAGEMENT', 4, '24/12 AN'),
(304, 'CE G534', 'PAVEMENT MATERIAL CHARAC', 4, '23/12 AN'),
(931, 'CE G545', 'AIRPORT PLANNING & DES', 4, '22/12 AN'),
(2024, 'CE G547', 'PAV FAIL EVAL & REHABIL', 4, '27/12 AN'),
(880, 'CE G551', 'DYNAMICS OF STRUCTURES', 4, '27/12 AN'),
(526, 'CE G552', 'ADV STR MECH & STABILITY', 4, '23/12 AN'),
(2337, 'CE G565', 'TRANSPORTATION PLANNING', 4, '27/12 AN'),
(2339, 'CE G567', 'HIGHWAY DESIGN', 4, '24/12 AN'),
(2340, 'CE G568', 'TRAFFIC SYSTEMS ANALYSIS', 4, '28/12 AN'),
(2341, 'CE G569', 'TRANSPORTATION ECONOMICS', 4, '21/12 FN'),
(2346, 'CE G574', 'PAVEMENT MAINTENANCE', 4, '24/12 AN'),
(345, 'CE G612', 'ADVANCED STEEL STRUCTURE', 4, '22/12 AN'),
(613, 'CE G614', 'PRESTRESS CONCRETE STRUC', 4, '17/12 AN'),
(346, 'CE G616', 'BRIDGE ENGINEERING', 4, '23/12 AN'),
(343, 'CE G617', 'ADVANCE STRUC ANALYSIS', 4, '28/12 AN'),
(326, 'CE G619', 'FINITE ELEMENT ANALYSIS', 5, '20/12 AN'),
(2119, 'CE G632', 'DES OF FOUN FOR DYN LOAD', 4, '28/12 AN'),
(1069, 'CHE F211', 'CHEMICAL PROCESS CALCULA', 3, '28/12 FN'),
(1072, 'CHE F212', 'FLUID MECHANICS', 3, '22/12 FN'),
(1071, 'CHE F213', 'CHEM ENGG THERMODYNAMICS', 3, '17/12 FN'),
(1070, 'CHE F214', 'ENGINEERING CHEMISTRY', 3, '13/12 FN'),
(1653, 'CHE F266', 'STUDY PROJECT', 3, NULL),
(1184, 'CHE F311', 'KINETICS & REACTOR DESIG', 3, '15/12 FN'),
(1185, 'CHE F312', 'CHEMICAL ENGG LAB I', 3, NULL),
(1186, 'CHE F313', 'SEPARATION PROCESSES II', 3, '24/12 FN'),
(1187, 'CHE F314', 'PROCESS DES PRINCIPLES I', 3, '27/12 FN'),
(1190, 'CHE F343', 'PROCESS DES PRINCIPLE II', 3, '22/12 FN'),
(1668, 'CHE F366', 'LABORATORY PROJECT', 3, NULL),
(1738, 'CHE F367', 'LABORATORY PROJECT', 3, NULL),
(1687, 'CHE F376', 'DESIGN PROJECT', 3, NULL),
(1754, 'CHE F377', 'DESIGN PROJECT', 3, NULL),
(1206, 'CHE F411', 'ENVIR POLLUTION CONTROL', 3, '13/12 FN'),
(1201, 'CHE F414', 'TRANSPORT PHENOMENA', 3, '28/12 FN'),
(1205, 'CHE F421', 'BIOCHEMICAL ENGINEERING', 3, '17/12 FN'),
(2178, 'CHE F422', 'PETROLEUM  REFINING TECHNOLOGY', 3, '20/12 FN'),
(2305, 'CHE F423', 'MEMBRANE SCIENCE & ENGINEERING', 3, '23/12 FN'),
(1209, 'CHE F491', 'SPECIAL PROJECTS', 3, NULL),
(279, 'CHE G513', 'ENVIR MANAGEMENT SYSTEMS', 5, '22/12 AN'),
(2002, 'CHE G523', 'MATH METHODS IN CHEM ENG', 5, '20/12 AN'),
(2152, 'CHE G558', 'CHEM PROC OPTIMIZATION', 4, '24/12 AN'),
(2032, 'CHE G622', 'ADV CHEMICAL ENGG THERMO', 5, '28/12 AN'),
(1006, 'CHEM F110', 'CHEMISTRY LABORATORY', 1, NULL),
(1007, 'CHEM F111', 'GENERAL CHEMISTRY', 3, '21/01 AN'),
(1116, 'CHEM F211', 'PHYSICAL CHEMISTRY I', 3, '22/12 FN'),
(1117, 'CHEM F212', 'ORGANIC CHEMISTRY I', 3, '28/12 FN'),
(1118, 'CHEM F213', 'PHYSICAL CHEMISTRY II', 3, '20/12 FN'),
(1119, 'CHEM F214', 'INORGANIC CHEMISTRY I', 3, '13/12 FN'),
(1654, 'CHEM F266', 'STUDY PROJECT', 3, NULL),
(1559, 'CHEM F311', 'ORGANIC CHEMISTRY III', 3, '18/12 FN'),
(1560, 'CHEM F312', 'PHYSICAL CHEMISTRY IV', 3, '24/12 FN'),
(1558, 'CHEM F313', 'INSTRU METHODS OF ANAL', 4, '27/12 FN'),
(1570, 'CHEM F323', 'BIOPHYSICAL CHEMISTRY', 3, '13/12 FN'),
(1577, 'CHEM F327', 'ELECTROCHEM FUNDA & APPL', 3, '22/12 FN'),
(1583, 'CHEM F333', 'CHEMISTRY OF MATERIALS', 3, '23/12 FN'),
(1585, 'CHEM F335', 'ORGANIC CHEM & DRUG DES', 3, '28/12 FN'),
(1587, 'CHEM F337', 'GREEN CHEM & CATALYSIS', 3, '17/12 FN'),
(1669, 'CHEM F366', 'LABORATORY PROJECT', 3, NULL),
(1739, 'CHEM F367', 'LABORATORY PROJECT', 3, NULL),
(1688, 'CHEM F376', 'DESIGN PROJECT', 3, NULL),
(1755, 'CHEM F377', 'DESIGN PROJECT', 3, NULL),
(1574, 'CHEM F422', 'STATISTICAL THERMODYNAM', 3, '20/12 FN'),
(1713, 'CHEM F491', 'SPECIAL PROJECT', 3, NULL),
(736, 'CHEM G551', 'ADV ORGANIC CHEMISTRY', 5, '22/12 AN'),
(937, 'CHEM G553', 'ADV PHYSICAL CHEMISTRY', 5, '11/12 FN'),
(1008, 'CS F111', 'COMPUTER PROGRAMMING', 4, '23/12 AN'),
(1092, 'CS F213', 'OBJECT ORIENTED PROG', 4, '28/12 FN'),
(1090, 'CS F214', 'LOGIC IN COMPUTER SC', 3, '13/12 FN'),
(1093, 'CS F215', 'DIGITAL DESIGN', 4, '22/12 FN'),
(1091, 'CS F222', 'DISCR STRUC FOR COMP SCI', 3, '17/12 FN'),
(1655, 'CS F266', 'STUDY PROJECT', 3, NULL),
(1316, 'CS F301', 'PRINCIPLES OF PROGG LANG', 2, '24/12 FN'),
(2266, 'CS F320', 'FOUNDATIONS OF DATA SCIENCE', 3, '20/12 FN'),
(1317, 'CS F342', 'COMPUTER ARCHITECTURE', 4, '27/12 FN'),
(1314, 'CS F351', 'THEORY OF COMPUTATION', 3, '15/12 FN'),
(1670, 'CS F366', 'LABORATORY PROJECT', 3, NULL),
(1740, 'CS F367', 'LABORATORY PROJECT', 3, NULL),
(1315, 'CS F372', 'OPERATING SYSTEMS', 3, '18/12 FN'),
(1689, 'CS F376', 'DESIGN PROJECT', 3, NULL),
(1756, 'CS F377', 'DESIGN PROJECT', 3, NULL),
(1333, 'CS F407', 'ARTIFICIAL INTELLIGENCE', 3, '17/12 FN'),
(1322, 'CS F415', 'DATA MINING', 3, '22/12 AN'),
(2440, 'CS F425', 'DEEP LEARNING', 3, '20/12 FN'),
(2441, 'CS F426', 'GRAPH MINING', 4, '11/12 FN'),
(2432, 'CS F451', 'COMBINATORIAL MATHEMATICS', 3, '20/12 FN'),
(1714, 'CS F491', 'SPECIAL PROJECT', 3, NULL),
(2450, 'CS G518', 'INTERNET OF THINGS: DESIGN AND', 4, '23/12 AN'),
(2451, 'CS G519', 'SOCIAL MEDIA ANALYTICS', 4, '24/12 AN'),
(2004, 'CS G525', 'ADV COMPUTER NETWORKS', 5, '22/12 FN'),
(2005, 'CS G526', 'ADV ALGO & COMPLEXITY', 5, '21/12 AN'),
(2108, 'CS G527', 'CLOUD COMPUTING', 5, '14/12 AN'),
(918, 'CS G553', 'RECONFIGURABLE COMPUTING', 5, '23/12 AN'),
(782, 'CS G623', 'ADVANCED OPERAT SYSTEMS', 5, '24/12 AN'),
(445, 'DE G513', 'TRIBOLOGY', 5, '13/12 AN'),
(436, 'DE G514', 'FRACTURE MECHANICS', 5, '28/12 AN'),
(362, 'DE G531', 'PRODUCT DESIGN', 5, '28/12 AN'),
(678, 'DE G611', 'DYNAMICS & VIBRATION', 5, '17/12 AN'),
(625, 'DE G631', 'MATERIALS TECH & TESTING', 5, '27/12 AN'),
(1023, 'ECON F211', 'PRINCIPLES OF ECONOMICS', 3, '13/12 FN'),
(1120, 'ECON F212', 'FUNDA OF FIN AND ACCOUNT', 3, '28/12 AN'),
(1121, 'ECON F213', 'MATHEMATIC & STAT METHOD', 3, '17/12 FN'),
(1145, 'ECON F214', 'ECONOMIC ENV OF BUSINESS', 3, '22/12 FN'),
(1656, 'ECON F266', 'STUDY PROJECT', 3, NULL),
(1446, 'ECON F311', 'INTERNATIONAL ECONOMICS', 3, '15/12 FN'),
(1447, 'ECON F312', 'MONEY BANK & FIN MARKETS', 3, '27/12 FN'),
(1448, 'ECON F313', 'ISSUES IN ECONOMIC DEV', 3, '24/12 FN'),
(1773, 'ECON F314', 'INDUSTRIAL ECONOMICS', 3, '23/12 FN'),
(1565, 'ECON F354', 'DERIVATIVES & RISK MGMT', 3, '23/12 FN'),
(1547, 'ECON F355', 'BUSS ANAL & VALUATION', 3, '22/12 AN'),
(1684, 'ECON F366', 'LABORATORY PROJECT', 3, NULL),
(1741, 'ECON F367', 'LABORATORY PROJECT', 3, NULL),
(1690, 'ECON F376', 'DESIGN PROJECT', 3, NULL),
(1757, 'ECON F377', 'DESIGN PROJECT', 3, NULL),
(1566, 'ECON F412', 'SECUR ANAL & PORTFOL MGT', 3, '17/12 FN'),
(1552, 'ECON F414', 'CREAT & LEAD ENTREP ORGN', 3, '20/12 FN'),
(1553, 'ECON F415', 'NEW VENTURE CREATION', 3, NULL),
(1925, 'ECON F417', 'RISK MANAGEMENT AND INSURA', 3, '20/12 FN'),
(1875, 'ECON F435', 'MARKETING RESEARCH', 3, '17/12 FN'),
(1568, 'ECON F471', 'RESOURCES & ENVIR ECON', 3, '17/12 FN'),
(1726, 'ECON F491', 'SPECIAL PROJECT', 3, NULL),
(1009, 'EEE F111', 'ELECTRICAL SCIENCES', 3, '24/12 AN'),
(1077, 'EEE F211', 'ELECTRICAL MACHINES', 4, '28/12 FN'),
(1078, 'EEE F212', 'ELECTROMAGNETIC THEO', 3, '17/12 FN'),
(1080, 'EEE F214', 'ELECTRONIC DEVICES', 3, '13/12 FN'),
(1079, 'EEE F215', 'DIGITAL DESIGN', 4, '22/12 FN'),
(1889, 'EEE F245', 'CONTROL SYSTEMS LAB', 1, '13/12 FN'),
(1657, 'EEE F266', 'STUDY PROJECT', 3, NULL),
(1242, 'EEE F311', 'COMMUNICATION SYSTEMS', 4, '27/12 FN'),
(1243, 'EEE F313', 'ANALOG & DIGIT VLSI DES', 3, '24/12 FN'),
(1731, 'EEE F366', 'LABORATORY PROJECT', 3, NULL),
(1742, 'EEE F367', 'LABORATORY PROJECT', 3, NULL),
(1691, 'EEE F376', 'DESIGN PROJECT', 3, NULL),
(1758, 'EEE F377', 'DESIGN PROJECT', 3, NULL),
(2288, 'EEE F411', 'INTERNET OF THINGS', 4, '20/12 FN'),
(1254, 'EEE F422', 'MODERN CONTROL SYSTEMS', 3, '23/12 FN'),
(1259, 'EEE F426', 'FIBRE OPTICS & OPTOELECT', 3, '22/12 FN'),
(1256, 'EEE F434', 'DIGITAL SIGNAL PROCESS', 4, '13/12 FN'),
(1257, 'EEE F435', 'DIGITAL IMAGE PROCESSING', 3, '14/12 FN'),
(1249, 'EEE F472', 'SATELLITE COMMUNICATION', 3, '23/12 FN'),
(1855, 'EEE F474', 'ANTENNA THEO AND DESIGN', 4, '20/12 FN'),
(1716, 'EEE F491', 'SPECIAL PROJECT', 3, NULL),
(324, 'EEE G512', 'EMBEDDED SYSTEM DESIGN', 4, '27/12 AN'),
(2175, 'EEE G547', 'DEVICE DRIVERS', 5, '15/12 AN'),
(698, 'EEE G581', 'RF & MICROWAVE ENGG', 5, '22/12 AN'),
(712, 'EEE G591', 'OPTICAL COMMUNICATION', 5, '18/12 AN'),
(1896, 'EEE G594', 'ADVANCED VLSI DEVICES', 5, '13/12 AN'),
(1897, 'EEE G595', 'NANOELECTRO AND NANOPHOTO TECH', 5, '23/12 AN'),
(707, 'EEE G612', 'CODING THEORY & PRACTICE', 5, '28/12 AN'),
(471, 'EEE G613', 'ADV DIGITAL SIGNAL PROC', 5, '21/12 AN'),
(921, 'EEE G626', 'HARDWARE SOFTWARE CO-DSN', 4, '17/12 AN'),
(2267, 'EEE G641', 'APPLIED ESTIMATION THEORY', 5, '15/12 AN'),
(1658, 'FIN F266', 'STUDY PROJECT', 3, NULL),
(1539, 'FIN F311', 'DERIVATIVES & RISK MGMT', 3, '23/12 FN'),
(1545, 'FIN F313', 'SECUR ANAL & PORTFOL MGT', 3, '17/12 FN'),
(1732, 'FIN F366', 'LABORATORY PROJECT', 3, NULL),
(1743, 'FIN F367', 'LABORATORY PROJECT', 3, NULL),
(1692, 'FIN F376', 'DESIGN PROJECT', 3, NULL),
(1759, 'FIN F377', 'DESIGN PROJECT', 3, NULL),
(1942, 'FIN F414', 'FINANCIAL RISK ANAL AND MGMT', 3, '20/12 FN'),
(1717, 'FIN F491', 'SPECIAL PROJECT', 3, NULL),
(1130, 'GS F211', 'MOD POLITICAL CONCEPTS', 3, '18/12 FN'),
(1131, 'GS F212', 'ENVIRON DEV & CLIMATE CH', 3, '27/12 FN'),
(1132, 'GS F213', 'DEVELOPMENT THEORIES', 3, '28/12 FN'),
(1133, 'GS F221', 'BUSINESS COMMUNICATION', 3, '21/12 FN'),
(1134, 'GS F222', 'LANGUAGE LAB PRACTICE', 3, NULL),
(1135, 'GS F223', 'INTRO TO MASS COMM', 3, '23/12 FN'),
(1136, 'GS F224', 'PRINT & AUDIO VISU ADVER', 3, '15/12 AN'),
(1169, 'GS F231', 'DYN OF SOCIAL CHANGE', 3, '21/12 FN'),
(1170, 'GS F232', 'INTRODUCTORY PSYCHOLOGY', 3, '18/12 FN'),
(1159, 'GS F242', 'CULTURAL STUDIES', 3, '24/12 FN'),
(1659, 'GS F266', 'STUDY PROJECT', 3, NULL),
(1173, 'GS F311', 'INTRO TO CONFLICT MGMT', 3, '27/12 FN'),
(1174, 'GS F312', 'APPLIED PHILOSOPHY', 3, '18/12 FN'),
(1914, 'GS F313', 'MARXIAN THOUGHTS', 3, '28/12 FN'),
(1163, 'GS F321', 'MASS MEDIA & CONTENT DES', 3, '27/12 FN'),
(1137, 'GS F322', 'CRITI ANAL OF LIT & CINE', 3, '18/12 FN'),
(1175, 'GS F331', 'TECH IN SOCIAL RESEARCH', 3, '15/12 FN'),
(1873, 'GS F344', 'COPYWRITING', 2, '14/12 FN'),
(1733, 'GS F366', 'LABORATORY PROJECT', 3, NULL),
(1744, 'GS F367', 'LABORATORY PROJECT', 3, NULL),
(1693, 'GS F376', 'DESIGN PROJECT', 3, NULL),
(1760, 'GS F377', 'DESIGN PROJECT', 3, NULL),
(1718, 'GS F491', 'SPECIAL PROJECT', 3, NULL),
(1596, 'HSS F223', 'APPR OF INDIAN MUSIC', 3, '24/12 FN'),
(1621, 'HSS F233', 'MAIN TRENDS IN IND HIST', 3, '18/12 FN'),
(1627, 'HSS F235', 'INTRODUCTORY PHILOSOPHY', 3, '21/12 FN'),
(1628, 'HSS F236', 'SYMBOLIC LOGIC', 3, '24/12 FN'),
(2425, 'HSS F247', 'SOCIAL INFORMATICS', 3, '28/12 FN'),
(1776, 'HSS F266', 'STUDY PROJECT', 3, NULL),
(1777, 'HSS F323', 'ORGANIZATIONAL PSYCHOLOGY', 3, '23/12 FN'),
(1155, 'HSS F325', 'CINEMATIC ADAPTATION', 3, '27/12 FN'),
(1609, 'HSS F328', 'HUMAN RESOURCE DEVELOP', 3, '18/12 FN'),
(1597, 'HSS F329', 'MUSICOLOGY-AN INTRODUCTN', 3, '21/12 FN'),
(1599, 'HSS F334', 'SRIMAD BHAGAVAD GITA', 3, '15/12 FN'),
(1623, 'HSS F343', 'PROFESSIONAL ETHICS', 3, '14/12 FN'),
(1625, 'HSS F345', 'GANDHIAN THOUGHTS', 3, '23/12 FN'),
(1626, 'HSS F346', 'INTERNATIONAL RELATIONS', 3, '15/12 FN'),
(2289, 'HSS F368', 'ASIAN CINEMAS AND CULTURES', 3, '20/12 FN'),
(1096, 'INSTR F211', 'ELECTRICAL MACHINES', 4, '28/12 FN'),
(1097, 'INSTR F212', 'ELECTROMAGNETIC THEO', 3, '17/12 FN'),
(1099, 'INSTR F214', 'ELECTRONIC DEVICES', 3, '13/12 FN'),
(1098, 'INSTR F215', 'DIGITAL DESIGN', 4, '22/12 FN'),
(1660, 'INSTR F266', 'STUDY PROJECT', 3, NULL),
(1345, 'INSTR F311', 'ELECTRO INST & INST TECH', 4, '27/12 FN'),
(1346, 'INSTR F312', 'TRANSD & MEASUREMENT TEC', 3, '15/12 FN'),
(1347, 'INSTR F313', 'ANALOG & DIGIT VLSI DES', 3, '24/12 FN'),
(1734, 'INSTR F366', 'LABORATORY PROJECT', 3, NULL),
(1745, 'INSTR F367', 'LABORATORY PROJECT', 3, NULL),
(1694, 'INSTR F376', 'DESIGN PROJECT', 3, NULL),
(1761, 'INSTR F377', 'DESIGN PROJECT', 3, NULL),
(1719, 'INSTR F491', 'SPECIAL PROJECT', 3, NULL),
(1331, 'IS F462', 'NETWORK PROGRAMMING', 3, '20/12 FN'),
(275, 'ITEB G621', 'SUPPLY CHAIN MANAGEMENT', 4, '22/12 AN'),
(1010, 'MATH F111', 'MATHEMATICS I', 3, '28/12 FN'),
(1022, 'MATH F211', 'MATHEMATICS III', 3, '11/12 FN'),
(1122, 'MATH F212', 'OPTIMIZATION', 3, '21/12 AN'),
(1123, 'MATH F213', 'DISCRETE MATHEMATICS', 3, '22/12 FN'),
(1124, 'MATH F214', 'ELEMENTARY REAL ANALYSIS', 3, '28/12 FN'),
(1125, 'MATH F215', 'ALGEBRA I', 3, '17/12 FN'),
(1662, 'MATH F266', 'STUDY PROJECT', 3, NULL),
(1469, 'MATH F311', 'INTRODUCTION TO TOPOLOGY', 3, '27/12 FN'),
(1470, 'MATH F312', 'ORDINARY DIFF EQUATIONS', 3, '24/12 FN'),
(1471, 'MATH F313', 'NUMERICAL ANALYSIS', 3, '18/12 FN'),
(1472, 'MATH F341', 'INTRO TO FUNCTIONAL ANAL', 3, '23/12 FN'),
(1473, 'MATH F342', 'DIFFERENTIAL GEOMETRY', 3, '20/12 FN'),
(1679, 'MATH F366', 'LABORATORY PROJECT', 3, NULL),
(1747, 'MATH F367', 'LABORATORY PROJECT', 3, NULL),
(1696, 'MATH F376', 'DESIGN PROJECT', 3, NULL),
(1763, 'MATH F377', 'DESIGN PROJECT', 3, NULL),
(1480, 'MATH F421', 'COMBINATORIAL MATHS', 3, '20/12 FN'),
(2273, 'MATH F432', 'APPLIED STATISTICAL METHODS', 3, '28/12 FN'),
(1330, 'MATH F441', 'DISCRETE MATHS STRUC', 3, '13/12 FN'),
(1881, 'MATH F444', 'NUMERICAL SOL OF ODE', 3, '17/12 FN'),
(1476, 'MATH F471', 'NONLINEAR OPTIMIZATION', 3, '23/12 FN'),
(1721, 'MATH F491', 'SPECIAL PROJECT', 3, NULL),
(939, 'MBA G523', 'PROJECT MANAGEMENT', 4, '23/12 AN'),
(2233, 'MBA G533', 'ADVERT AND SALES PROMO', 3, '23/12 FN'),
(2235, 'MBA G537', 'SECURE ANAL AND PORTFOL', 3, '17/12 FN'),
(2258, 'MBA G538', 'MARKETING MODELS', 3, '18/12 AN'),
(2429, 'MBA G541', 'OPERATIONS STRATEGY', 3, '17/12 AN'),
(2236, 'MBA G542', 'CONSUMER BEHAVIOUR', 3, '20/12 AN'),
(1907, 'MBA G553', 'ORG. CHANGE AND DEVLP', 3, '14/12 AN'),
(1909, 'MBA G555', 'INTERNATIONAL HUMAN RES. MGMT', 3, '18/12 AN'),
(1910, 'MBA G556', 'PERFORMANCE MANAGEMENT', 3, '13/12 AN'),
(2363, 'MBA G566', 'STRATEGIC MANAGEMENT', 3, '24/12 AN'),
(2364, 'MBA G567', 'TECHNOLOGY INNOVATION & ENTREP', 3, '28/12 AN'),
(2365, 'MBA G568', 'INTERNATIONAL BUSINESS STRATEG', 3, '15/12 AN'),
(2328, 'MBA G576', 'DIGITAL MARKETING', 3, '13/12 AN'),
(2329, 'MBA G577', 'SUPPLY CHAIN ANALYTICS', 4, '17/12 AN'),
(2245, 'MBA G582', 'CREAT & LEAD ENTRE ORIGN', 3, '20/12 FN'),
(2249, 'MBA G589', 'ENTERPRISE RESOURCE PLAN', 3, '21/12 AN'),
(2250, 'MBA G593', 'BUSS ANAL & VALUATION', 3, '22/12 AN'),
(2379, 'ME F112', 'WORKSHOP PRACTICE', 2, '24/12 FN'),
(1083, 'ME F211', 'MECHANICS OF SOLIDS', 3, '17/12 FN'),
(1082, 'ME F212', 'FLUID MECHANICS', 3, '28/12 FN'),
(1084, 'ME F214', 'APPLIED THERMODYNAMICS', 3, '22/12 FN'),
(1085, 'ME F215', 'MECHANICAL ENGG LAB', 2, NULL),
(2394, 'ME F216', 'MATERIALS SCIENCE AND ENGG', 3, '13/12 FN'),
(2396, 'ME F217', 'APPLIED THERMODYNAMICS', 4, '22/12 FN'),
(1266, 'ME F244', 'KIN & DYN OF  MACHINES', 3, '17/12 AN'),
(1663, 'ME F266', 'STUDY PROJECT', 3, NULL),
(1267, 'ME F311', 'HEAT TRANSFER', 4, '22/12 FN'),
(1268, 'ME F312', 'ADV MECHANICS OF SOLIDS', 3, '28/12 FN'),
(2401, 'ME F314', 'DESIGN OF MACHINE ELEMENTS', 3, '27/12 FN'),
(2403, 'ME F315', 'ADV MANUFACTURING PROCESSES', 3, '24/12 FN'),
(2404, 'ME F316', 'MANUFACTURING MANAGEMENT', 2, '18/12 FN'),
(2405, 'ME F317', 'ENGINES  MOTORS  AND MOBILITY', 2, '15/12 FN'),
(1680, 'ME F366', 'LABORATORY PROJECT', 3, NULL),
(1748, 'ME F367', 'LABORATORY PROJECT', 3, NULL),
(1697, 'ME F376', 'DESIGN PROJECT', 3, NULL),
(1764, 'ME F377', 'DESIGN PROJECT', 3, NULL),
(1275, 'ME F413', 'NONLINEAR VIBRATIONS', 3, '22/12 FN'),
(2291, 'ME F414', 'FUEL CELL SCIENCE AND TECHNOLO', 3, '23/12 FN'),
(1277, 'ME F415', 'GAS DYNAMICS', 3, '23/12 FN'),
(1278, 'ME F416', 'REV ENG & RAPID PROTOTYP', 3, '17/12 FN'),
(1281, 'ME F420', 'POWER PLANT ENGINEERING', 3, '23/12 FN'),
(1284, 'ME F443', 'QUALI CONTRO ASSUR & REL', 3, '28/12 AN'),
(1868, 'ME F484', 'AUTOMOTIVE TECHNOLOGY', 3, '11/12 AN'),
(1290, 'ME F491', 'SPECIAL PROJECTS', 3, NULL),
(741, 'ME G511', 'MECHANISMS & ROBOTICS', 5, '20/12 AN'),
(322, 'ME G512', 'FINITE ELEMENT METHOD', 5, '24/12 AN'),
(262, 'ME G532', 'MACHINE TOOL ENGINEERING', 5, '18/12 AN'),
(2098, 'ME G533', 'COND & RAD HEAT TRANSFER', 5, '13/12 AN'),
(2079, 'ME G535', 'ADV ENGG MATHEMATICS', 5, '23/12 AN'),
(2086, 'ME G538', 'TOYOTA PRODUCTION SYSTEM', 5, '23/12 AN'),
(2087, 'ME G539', 'COMP INTEGRATED MANUFACT', 5, '20/12 AN'),
(740, 'ME G641', 'THEORY OF ELAST & PLAST', 5, '24/12 AN'),
(742, 'MEL G611', 'I C FABRICATION TECH', 5, '28/12 AN'),
(743, 'MEL G621', 'VLSI DESIGN', 5, '24/12 AN'),
(2063, 'MEL G622', 'INTRO TO ARTIF NEURAL NET', 4, '24/12 AN'),
(500, 'MEL G623', 'ADVANCED VLSI DESIGN', 5, '18/12 AN'),
(2064, 'MEL G624', 'ADV VLSI ARCHITECTURES', 5, '28/12 AN'),
(932, 'MEL G625', 'ADV ANALOG & MIX SIG DES', 5, '27/12 AN'),
(606, 'MEL G626', 'VLSI TEST & TESTABILITY', 5, '20/12 AN'),
(744, 'MEL G631', 'PHY & MO OF MICROEL DEV', 5, '22/12 AN'),
(1107, 'MF F211', 'MECHANICS OF SOLIDS', 3, '17/12 FN'),
(2395, 'MF F216', 'MATERIALS SCIENCE AND ENGG.', 3, '13/12 FN'),
(2410, 'MF F217', 'MACHINE DRAWING', 2, NULL),
(2411, 'MF F218', 'TRANSPORT PHENOMENA IN MANU.', 4, '28/12 FN'),
(1664, 'MF F266', 'STUDY PROJECT', 3, NULL),
(2431, 'MF F314', 'DESIGN OF MACHINE ELEMENTS', 3, '27/12 FN'),
(2415, 'MF F315', 'AUTOMATION AND CONTROL', 4, '24/12 FN'),
(2416, 'MF F316', 'MACHINING AND MACHINE TOOLS', 4, '15/12 FN'),
(1681, 'MF F366', 'LABORATORY PROJECT', 3, NULL),
(1749, 'MF F367', 'LABORATORY PROJECT', 3, NULL),
(1698, 'MF F376', 'DESIGN PROJECT', 3, NULL),
(1765, 'MF F377', 'DESIGN PROJECT', 3, NULL),
(1418, 'MF F421', 'SUPPLY CHAIN MANAGEMENT', 4, '22/12 AN'),
(1884, 'MF F485', 'SUSTAINABLE MANUFACTURING', 3, '20/12 FN'),
(1422, 'MF F491', 'SPECIAL PROJECTS', 3, NULL),
(2453, 'MPBA G501', 'MANAGERIAL ECONOMICS', 3, '17/12 AN'),
(2454, 'MPBA G502', 'FINANCIAL STAT ANALY & REPORT', 3, '18/12 AN'),
(2455, 'MPBA G503', 'MARKETING MANAGEMENT', 3, '22/12 AN'),
(2456, 'MPBA G504', 'MANAGING PEOPLE & ORGANIZATION', 3, '15/12 AN'),
(2457, 'MPBA G505', 'STATISTICS & BASIC ECONOMETRIC', 3, '20/12 AN'),
(2458, 'MPBA G506', 'DATA MANAGEMENT & WAREHOUSING', 3, '27/12 AN'),
(2459, 'MPBA G507', 'PROGRAMMING FOR ANALYTICS', 3, '23/12 AN'),
(649, 'MSE G521', 'WORLD-CLASS MANUFACTUR', 5, '15/12 AN'),
(1932, 'MST F332', 'MATERIALS PROCESSING', 3, '22/12 FN'),
(667, 'MUSIC N113T', 'INDIA CLASS MUSIC(INS) I', 3, '10/12 FN'),
(673, 'MUSIC N114T', 'INDIA CLASS MUSIC(INS)II', 3, '10/12 AN'),
(1086, 'PHA F211', 'PHARMACEUTICAL ANALYSIS', 3, '17/12 FN'),
(1292, 'PHA F242', 'BIOLOGICAL CHEMISTRY', 3, '13/12 FN'),
(1665, 'PHA F266', 'STUDY PROJECT', 3, NULL),
(1295, 'PHA F311', 'PHARMACOLOGY I', 3, '27/12 FN'),
(1297, 'PHA F312', 'MEDICINAL CHEMISTRY I', 3, '15/12 FN'),
(1299, 'PHA F313', 'INSTRU METHODS OF ANAL', 4, '18/12 AN'),
(1300, 'PHA F314', 'PHARMA FORMUL & BIOPHARM', 3, '24/12 FN'),
(1682, 'PHA F366', 'LABORATORY PROJECT', 3, NULL),
(1750, 'PHA F367', 'LABORATORY PROJECT', 3, NULL),
(1699, 'PHA F376', 'DESIGN PROJECT', 3, NULL),
(1766, 'PHA F377', 'DESIGN PROJECT', 3, NULL),
(1303, 'PHA F413', 'PHARMA MANG & QUAL CONTR', 3, '17/12 FN'),
(1305, 'PHA F415', 'PATHOPHYSIOLOGY', 3, '28/12 FN'),
(1306, 'PHA F416', 'CHEM OF SYNTHETIC DRUGS', 3, '20/12 FN'),
(1724, 'PHA F491', 'SPECIAL PROJECT', 3, NULL),
(351, 'PHA G532', 'Q A & REGULATORY AFFAIRS', 5, '21/12 AN'),
(2381, 'PHA G534', 'SEPARATION AND STRU ELUCI TECH', 4, '28/12 AN'),
(2383, 'PHA G536', 'COSMETICS AND COSMECEUTICALS', 5, '24/12 AN'),
(2385, 'PHA G538', 'IMMUNOPHARMACOLOGY', 4, '24/12 AN'),
(2387, 'PHA G540', 'MODERN PHARMACEUT ANALY TECHNI', 4, '28/12 AN'),
(183, 'PHA G541', 'COMP AIDED DRUG DESIGN', 5, '27/12 AN'),
(653, 'PHA G542', 'ADVANCE PHYSICAL PHARMA', 5, '24/12 AN'),
(55, 'PHA G543', 'CLINICAL RESEARCH', 5, '27/12 AN'),
(2125, 'PHA G544', 'ADV PHARMACEUTICAL CHEM', 5, '22/12 AN'),
(2293, 'PHA G547', 'QUALI-DESIGN IN PHARM PROD DEV', 5, '17/12 AN'),
(2388, 'PHA G548', 'CHEMISTRY OF NATURAL DRUGS', 5, '23/12 AN'),
(747, 'PHA G612', 'PHARM KINET & CLINIC PHA', 5, '23/12 AN'),
(955, 'PHA G613', 'PHARMACEUTICAL BIOTECH', 5, '20/12 AN'),
(510, 'PHA G616', 'PHARMA ADMIN & MGMT', 5, '22/12 AN'),
(145, 'PHA G617', 'ADV DRUG DELIVERY SYSTEM', 5, '18/12 AN'),
(767, 'PHA G618', 'RETROSYNTHETIC ANALYSIS', 5, '24/12 AN'),
(2105, 'PHA G619', 'SCR METHOD & TECH IN PHA', 5, '20/12 AN'),
(2389, 'PHA G623', 'PHARM APPL OF PLOYM AND BIOPOL', 5, '17/12 AN'),
(2390, 'PHA G624', 'PRINCIPLES OF TOXICOLOGY', 5, '24/12 AN'),
(2391, 'PHA G625', 'CELLULAR AND MOLECULAR PHARMAC', 5, '18/12 AN'),
(2393, 'PHA G627', 'MEDICAL DEVICES AND TESTING', 4, '28/12 AN'),
(2069, 'PHA G642', 'LABORATORY PROJECT', 6, NULL),
(1014, 'PHY F110', 'PHYSICS LABORATORY', 1, NULL),
(1015, 'PHY F111', 'MECH OSCILLATIONS & WAVE', 3, '11/12 AN'),
(1859, 'PHY F112', 'GENERAL PHYSICS', 3, '27/01 AN'),
(1126, 'PHY F211', 'CLASSICAL MECHANICS', 4, '28/12 FN'),
(1127, 'PHY F212', 'ELECTROMAGNETIC THEO I', 3, '17/12 FN'),
(1128, 'PHY F213', 'OPTICS', 3, '13/12 FN'),
(1129, 'PHY F214', 'ELEC MAGNET & OPTICS LAB', 2, NULL),
(1666, 'PHY F266', 'STUDY PROJECT', 3, NULL),
(1486, 'PHY F311', 'QUANTUM MECHANICS II', 3, '18/12 FN'),
(1487, 'PHY F312', 'STATISTICAL MECHANICS', 3, '27/12 FN'),
(1488, 'PHY F313', 'COMPUTATIONAL PHYSICS', 3, '15/12 FN'),
(1494, 'PHY F315', 'THEORY OF RELATIVITY', 3, '23/12 FN'),
(1683, 'PHY F366', 'LABORATORY PROJECT', 3, NULL),
(1751, 'PHY F367', 'LABORATORY PROJECT', 3, NULL),
(1700, 'PHY F376', 'DESIGN PROJECT', 3, NULL),
(1767, 'PHY F377', 'DESIGN PROJECT', 3, NULL),
(2136, 'PHY F379', 'THIN FILM TECHNOLOGY', 3, '20/12 FN'),
(1496, 'PHY F413', 'PARTICLE PHYSICS', 4, '22/12 FN'),
(1498, 'PHY F415', 'GEN THEO OF REL & COSMO', 4, '17/12 FN'),
(1500, 'PHY F417', 'EXPT METHODS OF PHYSICS', 4, '28/12 FN'),
(1502, 'PHY F419', 'ADV SOLID STATE PHYSICS', 4, '13/12 FN'),
(1725, 'PHY F491', 'SPECIAL PROJECT', 3, NULL),
(2297, 'SAN G511', 'SANITATION TECHNOLOGY', 5, '20/12 AN'),
(2298, 'SAN G512', 'SANITATION AND PUBLIC HEALTH', 5, '28/12 AN'),
(2299, 'SAN G513', 'SAN GVRNNCE BHAVR CHG&ADVCY', 5, '24/12 AN'),
(632, 'SS G514', 'OBJ ORI ANALYS & DESIGN', 4, '28/12 AN'),
(2109, 'SS G527', 'CLOUD COMPUTING', 5, '14/12 AN'),
(485, 'SS G552', 'SOFTWARE TESTING METHODS', 4, '18/12 AN'),
(430, 'SS G562', 'SOFTWARE ENGG & MANAGEMT', 5, '27/12 AN');


insert  into `Schedule`(`comcod`,`section`,`room`, `time`) values
(1001, 'P1B', NULL, 'Th  10 11'),
(1001, 'P1N', NULL, 'T  7 8'),
(1001, 'P2N', NULL, 'T  7 8'),
(1001, 'P3N', NULL, 'T  7 8'),
(1001, 'P4N', NULL, 'T  7 8'),
(1001, 'P5N', NULL, 'T  7 8'),
(1001, 'P6N', NULL, 'T  7 8'),
(1001, 'P7N', NULL, 'T  7 8'),
(1001, 'P8N', NULL, 'T  7 8'),
(1001, 'P9N', NULL, 'T  9 10'),
(1001, 'P10N', NULL, 'T  9 10'),
(1001, 'P11N', NULL, 'T  9 10'),
(1001, 'P12N', NULL, 'T  9 10'),
(1001, 'P13N', NULL, 'T  9 10'),
(1001, 'P14N', NULL, 'T  9 10'),
(1001, 'P15N', NULL, 'T  9 10'),
(1001, 'P16N', NULL, 'Th  9 10'),
(1001, 'P17N', NULL, 'Th  9 10'),
(1001, 'P18N', NULL, 'Th  9 10'),
(1001, 'P19N', NULL, 'Th  9 10'),
(1001, 'P20N', NULL, 'Th  9 10'),
(1001, 'P21N', NULL, 'Th  9 10'),
(1001, 'P22N', NULL, 'Th  9 10'),
(1002, 'L1B', 6103, 'M W F  2'),
(1002, 'L2N', NULL, 'M W F  2'),
(1002, 'L3N', NULL, 'M W F  9'),
(1002, 'T1B', 6101, 'Th  7'),
(1002, 'T2N', NULL, 'F  4'),
(1002, 'T3N', NULL, 'F  4'),
(1002, 'T4N', NULL, 'F  4'),
(1002, 'T5N', NULL, 'M  4'),
(1002, 'T6N', NULL, 'M  4'),
(1002, 'T7N', NULL, 'M  4'),
(1002, 'T8N', NULL, 'Th  4'),
(1002, 'T9N', NULL, 'Th  7'),
(1002, 'T10N', NULL, 'Th  7'),
(1002, 'T11N', NULL, 'W  4'),
(1002, 'T12N', NULL, 'W  4'),
(1002, 'T13N', NULL, 'W  4'),
(1112, 'L1', 6109, 'T Th  4  W  10'),
(1112, 'T1', 6105, 'M  1'),
(1114, 'L1', 6109, 'M  10  T Th  3'),
(1114, 'P1', NULL, 'Th  7 8'),
(1114, 'P2', NULL, 'Th  7 8'),
(1113, 'L1', 6155, 'M W F  9'),
(1113, 'T1', 6105, 'Th  1'),
(1115, 'L1', 6109, 'M W F  3'),
(1115, 'T1', 6105, 'F  1'),
(1430, 'L1', NULL, 'T Th  4  W  10'),
(1430, 'T1', NULL, 'T  9'),
(1651, 'L1', NULL, NULL),
(1427, 'L1', 6102, 'M W F  8'),
(1427, 'T1', 6159, 'F  5'),
(1428, 'L1', 6109, 'M W F  4'),
(1428, 'T1', 6159, 'Th  2'),
(1429, 'L1', 6109, 'T Th  5  F  10'),
(1429, 'T1', 6156, 'T  2'),
(1431, 'L1', NULL, 'M W F  7'),
(1431, 'T1', NULL, 'Th  9'),
(1650, 'L1', NULL, NULL),
(1736, 'L1', NULL, NULL),
(1685, 'L1', NULL, NULL),
(1752, 'L1', NULL, NULL),
(1433, 'L1', 6103, 'M W F  7'),
(1434, 'L1N', NULL, 'T  2'),
(1434, 'P1N', NULL, 'T Th  7 8'),
(1436, 'L1', 6160, 'M  10  T Th  3'),
(1710, 'L1', NULL, NULL),
(71, 'L1N', 6101, 'M W F  3'),
(388, 'L1', 6102, 'T Th  4  W  10'),
(392, 'L1', 6160, 'M W F  3'),
(111, 'L1', 6102, 'M  10  T Th  3'),
(2009, 'L1', 6101, 'M W F  4'),
(2008, 'L1N', NULL, 'M W F  4'),
(2008, 'P1N', NULL, 'M  9 10'),
(192, 'L1', 6108, 'T Th  4  W  10'),
(2015, 'L1', 1202, 'M W F  2'),
(151, 'L1N', NULL, 'T Th  5  F  10'),
(1887, 'L1', NULL, NULL),
(2016, 'L1', 6159, 'M W F  2'),
(1375, 'L1', 6160, 'M W F  7'),
(549, 'L1', NULL, NULL),
(596, 'L1', NULL, NULL),
(520, 'L1', NULL, NULL),
(553, 'L1', NULL, NULL),
(857, 'L1', NULL, NULL),
(1003, 'L1B', 6157, 'M  10'),
(1003, 'L2N', NULL, 'W  10'),
(1003, 'L3N', NULL, 'M  10'),
(1003, 'P1B', NULL, 'T Th  2 3'),
(1003, 'P2N', NULL, 'T Th  1 2'),
(1003, 'P3N', NULL, 'T Th  1 2'),
(1003, 'P4N', NULL, 'T Th  1 2'),
(1003, 'P5N', NULL, 'T Th  1 2'),
(1003, 'P6N', NULL, 'T Th  1 2'),
(1003, 'P7N', NULL, 'T Th  1 2'),
(1003, 'P8N', NULL, 'T Th  1 2'),
(1003, 'P9N', NULL, 'T Th  1 2'),
(1004, 'L1B', 6101, 'M W F  7'),
(1004, 'L2N', NULL, 'M W F  3'),
(1004, 'L3N', NULL, 'M W F  8'),
(1004, 'L4N', NULL, 'T Th  5  F  10'),
(1004, 'T1B', 6101, 'Th  10'),
(1004, 'T2N', NULL, 'F  1'),
(1004, 'T3N', NULL, 'F  1'),
(1004, 'T5N', NULL, 'F  1'),
(1004, 'T6N', NULL, 'Th  8'),
(1004, 'T7N', NULL, 'M  1'),
(1004, 'T8N', NULL, 'M  1'),
(1004, 'T10N', NULL, 'M  1'),
(1004, 'T11N', NULL, 'M  1'),
(1004, 'T12N', NULL, 'Th  8'),
(1004, 'T14N', NULL, 'F  1'),
(1004, 'T15N', NULL, 'Th  8'),
(1004, 'T16N', NULL, 'Th  8'),
(1004, 'T17N', NULL, 'Th  8'),
(1004, 'T18N', NULL, 'Th  8'),
(1004, 'T19N', NULL, 'W  1'),
(1004, 'T20N', NULL, 'W  1'),
(1004, 'T21N', NULL, 'W  1'),
(1004, 'T22N', NULL, 'W  1'),
(1004, 'T23N', NULL, 'W  1'),
(1005, 'L1B', NULL, 'T Th  8'),
(1005, 'L2N', NULL, 'M W  3'),
(1005, 'L3N', NULL, 'M W  3'),
(1005, 'L4N', NULL, 'M W  8'),
(1005, 'L5N', NULL, 'M W  8'),
(1005, 'L6N', NULL, 'T Th  5'),
(1005, 'L7N', NULL, 'T Th  5'),
(1858, 'L1N', NULL, 'M W F  3'),
(1858, 'T1N', NULL, 'T  3'),
(1892, 'L1', 6151, 'M W F  5'),
(1861, 'L1', 6101, 'M  10  T Th  3'),
(1861, 'T1', 6107, 'W  1'),
(1862, 'L1', 5101, 'M W  3'),
(1862, 'T1', 5101, 'F  3'),
(1862, 'P1', NULL, 'Th  7 8'),
(1862, 'P2', NULL, 'Th  7 8'),
(1632, 'L1', 5102, 'M W F  2'),
(1334, 'L1', 1227, 'T Th  4  W  10'),
(1335, 'L1', 1202, 'M W F  3'),
(1336, 'L1', 1205, 'M W F  7'),
(1791, 'L1', NULL, NULL),
(1512, 'L1', 6152, 'T Th  5  F  10'),
(1592, 'L1', NULL, NULL),
(1615, 'L1', NULL, NULL),
(1248, 'L1', 1234, 'M W F  2'),
(1770, 'L1', 1232, 'M W F  3'),
(1593, 'L1', NULL, NULL),
(1616, 'L1', NULL, NULL),
(1617, 'L1', NULL, NULL),
(1619, 'L1', NULL, NULL),
(2317, 'L1', 6152, 'M W F  9'),
(1806, 'L1N', NULL, 'T Th  5  F  10'),
(2318, 'L1', 6152, 'T Th  4  W  10'),
(2001, 'L1', NULL, 'T Th  10 11'),
(2433, 'L1', 1203, 'T Th  4  W  10'),
(1796, 'L1', 1219, 'T Th  4  W  10'),
(1339, 'L1', 6101, 'M W F  9'),
(1339, 'L2M', NULL, 'M W F  9'),
(1339, 'P1', NULL, 'T  10 11'),
(1339, 'P2', NULL, 'T  10 11'),
(1379, 'L1', 5101, 'M W F  2'),
(1797, 'L1', 5103, 'M W  11 12'),
(1641, 'L1', 2204, 'M W F  2'),
(1852, 'L1', 6152, 'M W F  7'),
(1804, 'L1', 1233, 'M W F  2'),
(499, 'L1', NULL, NULL),
(547, 'L1', NULL, NULL),
(547, 'L2', NULL, NULL),
(754, 'L1', NULL, NULL),
(755, 'L1', NULL, NULL),
(2003, 'L1', NULL, NULL),
(9, 'L1', NULL, 'M  10  T Th  3'),
(559, 'L1', NULL, NULL),
(575, 'L1', NULL, NULL),
(2164, 'L1', NULL, NULL),
(2165, 'L1', NULL, NULL),
(756, 'L1', NULL, NULL),
(809, 'L1', NULL, NULL),
(757, 'L1', NULL, NULL),
(757, 'L2', NULL, NULL),
(2167, 'L1', NULL, NULL),
(1073, 'L1', 1233, 'M  10  T Th  3'),
(1073, 'T1', 6163, 'W  1'),
(1073, 'T2', 5102, 'W  1'),
(1075, 'L1', 1233, 'T Th  4  W  10'),
(1075, 'T1', 6152, 'F  1'),
(1075, 'T2', 5101, 'F  1'),
(1075, 'P1', NULL, 'Th  7 8'),
(1075, 'P2', NULL, 'Th  7 8'),
(2279, 'L1', 1233, 'M W F  9'),
(2279, 'T1', 6152, 'M  1'),
(2279, 'T2', 5101, 'M  1'),
(2279, 'P1', NULL, 'T  10 11'),
(2279, 'P2', NULL, 'T  10 11'),
(2280, 'L1', 1233, 'M W F  3'),
(2280, 'T1', 6152, 'Th  1'),
(2280, 'T2', 5101, 'Th  1'),
(1652, 'L1', NULL, NULL),
(1196, 'L1', 1201, 'M W F  5'),
(1196, 'T1', 1231, 'Th  2'),
(1196, 'T2', 1203, 'Th  2'),
(1196, 'P1', NULL, 'Th  10 11'),
(1196, 'P2', NULL, 'T  7 8'),
(1197, 'L1', 5101, 'M W F  4'),
(1197, 'T1', 6101, 'Th  9'),
(1197, 'T2', 6102, 'Th  9'),
(2281, 'L1', 1223, 'M W F  8'),
(2281, 'T1', 1232, 'T  2'),
(2281, 'T2', 1203, 'T  2'),
(2282, 'L1', NULL, 'M W F  9'),
(1215, 'L1', 1227, 'M W F  9'),
(2304, 'L1', 1231, 'M W F  2'),
(1667, 'L1', NULL, NULL),
(1737, 'L1', NULL, NULL),
(1686, 'L1', NULL, NULL),
(1753, 'L1', NULL, NULL),
(1231, 'L1', 1204, 'T Th  4  W  10'),
(1221, 'L1', 1204, 'M W F  7'),
(1228, 'L1', 6152, 'M W F  3'),
(1234, 'L1', 1226, 'M W F  3'),
(1711, 'L1', NULL, NULL),
(433, 'L1N', 1220, 'M  10  T Th  3'),
(325, 'L1N', NULL, 'T Th  5  F  10'),
(950, 'L1N', NULL, 'M W F  4'),
(278, 'L1N', NULL, 'M W F  8'),
(304, 'L1N', NULL, 'T Th  5  F  10'),
(931, 'L1N', 5101, 'T W Th  7'),
(931, 'L2', NULL, 'T Th  4  W  10'),
(2024, 'L1', 1204, 'M W F  4'),
(880, 'L1N', NULL, 'M W F  4'),
(526, 'L1N', NULL, 'T Th  5  F  10'),
(2337, 'L1N', NULL, 'M W F  4'),
(2339, 'L1N', NULL, 'M W F  9'),
(2340, 'L1N', NULL, 'T Th  4  W  10'),
(2341, 'L1', 5103, 'T Th S  2'),
(2346, 'L1', 1204, 'M W F  8'),
(345, 'L1', 6155, 'M W F  2'),
(613, 'L1', 1232, 'T Th  4  W  10'),
(346, 'L1', 1204, 'M W F  3'),
(343, 'L1N', 1232, 'M  10  T Th  3'),
(326, 'L1N', NULL, 'M W F  5'),
(2119, 'L1', 1203, 'M  10  T Th  3'),
(1069, 'L1', 1234, 'M  10  T Th  3'),
(1069, 'T1', 6155, 'W  1'),
(1069, 'T2', 1233, 'W  1'),
(1072, 'L1', 1234, 'M W F  3'),
(1072, 'T1', 6164, 'Th  1'),
(1072, 'T2', 6159, 'Th  1'),
(1071, 'L1', 1234, 'T Th  4  W  10'),
(1071, 'T1', 6155, 'F  1'),
(1071, 'T2', 6159, 'F  1'),
(1070, 'L1', 1234, 'M W F  9'),
(1070, 'T1', 6155, 'M  1'),
(1070, 'T2', 6159, 'M  1'),
(1653, 'L1', NULL, NULL),
(1184, 'L1', 1223, 'M W F  5'),
(1184, 'T1', 1202, 'Th  2'),
(1184, 'T2', 1226, 'Th  2'),
(1185, 'P1', NULL, 'T Th  7 8'),
(1185, 'P2', NULL, 'T Th  7 8'),
(1186, 'L1', 1227, 'M W F  8'),
(1186, 'T1', 1226, 'T  2'),
(1186, 'T2', 1231, 'T  2'),
(1187, 'L1', 1223, 'M W F  4'),
(1187, 'T1', 6105, 'Th  9'),
(1187, 'T2', NULL, 'Th  9'),
(1187, 'T3', 6109, 'Th  9'),
(1190, 'L1', 6108, 'M W F  3'),
(1668, 'L1', NULL, NULL),
(1738, 'L1', NULL, NULL),
(1687, 'L1', NULL, NULL),
(1754, 'L1', NULL, NULL),
(1206, 'L1', 1226, 'M W F  9'),
(1201, 'L1', 1204, 'M  10  T Th  3'),
(1205, 'L1', NULL, 'T Th  4  W  10'),
(2178, 'L1', 1203, 'M W F  2'),
(2305, 'L1', 6161, 'M W F  7'),
(1209, 'L1', NULL, NULL),
(279, 'L1N', 6102, 'M W F  3'),
(2002, 'L1N', NULL, 'T Th  5  F  10'),
(2152, 'L1N', NULL, 'M W F  3'),
(2032, 'L1N', NULL, 'M  10  T Th  3'),
(1006, 'P1B', NULL, 'M  4 5'),
(1006, 'P2N', NULL, 'T  7 8'),
(1006, 'P3N', NULL, 'T  7 8'),
(1006, 'P4N', NULL, 'T  7 8'),
(1006, 'P5N', NULL, 'T  7 8'),
(1006, 'P6N', NULL, 'T  7 8'),
(1006, 'P7N', NULL, 'T  7 8'),
(1006, 'P8N', NULL, 'T  7 8'),
(1006, 'P9N', NULL, 'T  7 8'),
(1006, 'P10N', NULL, 'T  9 10'),
(1006, 'P11N', NULL, 'T  9 10'),
(1006, 'P12N', NULL, 'T  9 10'),
(1006, 'P13N', NULL, 'T  9 10'),
(1006, 'P14N', NULL, 'T  9 10'),
(1006, 'P15N', NULL, 'T  9 10'),
(1006, 'P16N', NULL, 'T  9 10'),
(1006, 'P17N', NULL, 'T  9 10'),
(1006, 'P18N', NULL, 'Th  9 10'),
(1006, 'P19N', NULL, 'Th  9 10'),
(1006, 'P20N', NULL, 'Th  9 10'),
(1006, 'P21N', NULL, 'Th  9 10'),
(1006, 'P22N', NULL, 'Th  9 10'),
(1006, 'P23N', NULL, 'Th  9 10'),
(1007, 'L1N', NULL, 'M W F  2'),
(1007, 'L2N', NULL, 'M W F  9'),
(1007, 'T1N', NULL, 'F  4'),
(1007, 'T2N', NULL, 'F  4'),
(1007, 'T3N', NULL, 'M  4'),
(1007, 'T4N', NULL, 'M  4'),
(1007, 'T5N', NULL, 'M  4'),
(1007, 'T6N', NULL, 'M  4'),
(1007, 'T7N', NULL, 'Th  7'),
(1007, 'T8N', NULL, 'Th  7'),
(1007, 'T9N', NULL, 'W  4'),
(1007, 'T10N', NULL, 'W  4'),
(1116, 'L1', 6151, 'M W F  3'),
(1116, 'T1', 6151, 'Th  9'),
(1117, 'L1', 6151, 'M  10  T Th  3'),
(1117, 'T1', 6151, 'W  1'),
(1118, 'L1', 6151, 'M W F  2'),
(1118, 'T1', 6151, 'Th  1'),
(1119, 'L1', 6151, 'M W F  9'),
(1119, 'T1', 6151, 'M  1'),
(1654, 'L1', NULL, NULL),
(1559, 'L1', 6151, 'T Th  5  F  10'),
(1559, 'T1', 6151, 'T  2'),
(1560, 'L1', 6151, 'M W F  8'),
(1560, 'T1', 6151, 'T  1'),
(1558, 'L1', 6151, 'M W F  4'),
(1558, 'T1', 6151, 'Th  2'),
(1558, 'P1', NULL, 'T  7 8'),
(1570, 'L1', NULL, 'M W F  9'),
(1577, 'L1', 6104, 'M W F  3'),
(1583, 'L1', 1231, 'M W F  7'),
(1585, 'L1', 6108, 'M  10  T Th  3'),
(1587, 'L1', 1231, 'T Th  4  W  10'),
(1669, 'L1', NULL, NULL),
(1739, 'L1', NULL, NULL),
(1688, 'L1', NULL, NULL),
(1755, 'L1', NULL, NULL),
(1574, 'L1', 1219, 'M W F  2'),
(1713, 'L1', NULL, NULL),
(736, 'L1', 6156, 'M W F  3'),
(937, 'L1', 1232, 'M W F  9'),
(1008, 'L1B', 6151, 'T Th S  6'),
(1008, 'L2N', NULL, 'M W F  2'),
(1008, 'L3N', NULL, 'M W F  9'),
(1008, 'P1B', NULL, 'Th  10 11'),
(1008, 'P2N', NULL, 'T  1 2'),
(1008, 'P3N', NULL, 'T  1 2'),
(1008, 'P4N', NULL, 'T  1 2'),
(1008, 'P5N', NULL, 'T  1 2'),
(1008, 'P6N', NULL, 'T  1 2'),
(1008, 'P7N', NULL, 'T  1 2'),
(1008, 'P8N', NULL, 'Th  1 2'),
(1008, 'P9N', NULL, 'Th  1 2'),
(1008, 'P10N', NULL, 'Th  1 2'),
(1008, 'P11N', NULL, 'Th  1 2'),
(1008, 'P12N', NULL, 'Th  1 2'),
(1008, 'P13N', NULL, 'Th  1 2'),
(1092, 'L1', 5102, 'M  10  T Th  3'),
(1092, 'P1', NULL, 'Th  7 8'),
(1092, 'P2', NULL, 'T  10 11'),
(1092, 'P3', NULL, 'T  10 11'),
(1092, 'P4', NULL, 'Th  7 8'),
(1092, 'P5', NULL, 'Th  10 11'),
(1092, 'P6', NULL, 'Th  7 8'),
(1090, 'L1', 5102, 'M W F  9'),
(1090, 'T1', 5102, 'Th  1'),
(1090, 'T2', NULL, 'Th  1'),
(1090, 'T3', 1234, 'Th  1'),
(1090, 'T4', NULL, 'Th  1'),
(1090, 'T5', 1233, 'Th  1'),
(1093, 'L1', 5102, 'M W F  3'),
(1093, 'L2', 5105, 'M W F  3'),
(1093, 'T1', 5102, 'M  1'),
(1093, 'T2', 5105, 'M  1'),
(1093, 'T3', 1233, 'M  1'),
(1093, 'T4', 6101, 'M  1'),
(1093, 'T5', 6102, 'M  1'),
(1093, 'T6', 1234, 'M  1'),
(1093, 'T7', 1202, 'M  1'),
(1093, 'T8', 1204, 'M  1'),
(1093, 'P1', NULL, 'T  10 11'),
(1093, 'P2', NULL, 'T  10 11'),
(1093, 'P3', NULL, 'T  10 11'),
(1093, 'P4', NULL, 'T  10 11'),
(1093, 'P5', NULL, 'Th  7 8'),
(1093, 'P6', NULL, 'Th  7 8'),
(1093, 'P7', NULL, 'Th  7 8'),
(1091, 'L1', 5102, 'T Th  4  W  10'),
(1091, 'T1', 5102, 'F  1'),
(1091, 'T2', 6101, 'F  1'),
(1091, 'T3', 1234, 'F  1'),
(1091, 'T4', NULL, 'F  1'),
(1091, 'T5', 1233, 'F  1'),
(1091, 'T6', NULL, 'F  1'),
(1655, 'L1', NULL, NULL),
(1316, 'L1', 5105, 'M W  8'),
(1316, 'T1', 5105, 'F  8'),
(1316, 'T2', 1231, 'F  8'),
(1316, 'T3', 1226, 'F  8'),
(1316, 'T4', NULL, 'F  8'),
(2266, 'L1', 1226, 'M W F  2'),
(2266, 'L2M', NULL, 'M W F  2'),
(2266, 'P1', NULL, 'Th  7 8'),
(2266, 'P2', NULL, 'T  10 11'),
(1317, 'L1', 5105, 'M W F  4'),
(1317, 'L2', 5106, 'M W F  4'),
(1317, 'P1', NULL, 'T  10 11'),
(1317, 'P2', NULL, 'T  10 11'),
(1317, 'P3', NULL, 'T  10 11'),
(1317, 'P4', NULL, 'T  7 8'),
(1317, 'P5', NULL, 'T  7 8'),
(1317, 'P6', NULL, 'T  7 8'),
(1314, 'L1', 5102, 'M W F  5'),
(1314, 'T1', 1227, 'Th  9'),
(1314, 'T2', NULL, 'Th  9'),
(1314, 'T3', 1201, 'Th  9'),
(1314, 'T4', NULL, 'Th  9'),
(1314, 'T5', 1231, 'Th  9'),
(1670, 'L1', NULL, NULL),
(1740, 'L1', NULL, NULL),
(1315, 'L1', 5105, 'T Th  5  F  10'),
(1315, 'T1', 1223, 'T  2'),
(1315, 'T2', 1201, 'T  2'),
(1315, 'T3', NULL, 'T  2'),
(1315, 'T4', 1227, 'T  2'),
(1315, 'T5', NULL, 'T  2'),
(1689, 'L1', NULL, NULL),
(1756, 'L1', NULL, NULL),
(1333, 'L1', 1201, 'T Th  4  W  10'),
(1333, 'L2M', NULL, 'T Th  4  W  10'),
(1322, 'L1N', NULL, 'T Th  5  F  10'),
(1322, 'P1N', NULL, 'T  7 8'),
(1322, 'P2N', NULL, 'T  7 8'),
(2440, 'L1', 6152, 'M W F  2'),
(2441, 'L1', 6104, 'M  10  T Th  3'),
(2441, 'P1', NULL, 'Th  7 8'),
(2432, 'L1', 5106, 'M W F  2'),
(1714, 'L1', NULL, NULL),
(2450, 'L1', 6102, 'M W F  7'),
(2450, 'P1', NULL, 'T  10 11'),
(2451, 'L1', 1233, 'M W F  8'),
(2004, 'L1N', NULL, 'M W F  3'),
(2005, 'L1N', NULL, 'M W F  5'),
(2108, 'L1', 6160, 'T  9  T Th  1'),
(918, 'L1N', NULL, 'M W F  9'),
(782, 'L1N', NULL, 'M W F  8'),
(445, 'L1', 6102, 'M W F  9'),
(436, 'L1', NULL, 'M  10  T Th  3'),
(362, 'L1', 6159, 'M  10  T Th  3'),
(678, 'L1', 6101, 'T Th  4  W  10'),
(625, 'L1N', NULL, 'M W F  4'),
(1023, 'L1', 6163, 'M W F  9'),
(1023, 'T1', 6163, 'M  1'),
(1120, 'L1', 6163, 'M  10  T Th  3'),
(1120, 'L2', 1234, 'M W F  8'),
(1120, 'L3M', NULL, 'M  10  T Th  3'),
(1120, 'T1', 1233, 'Th  6'),
(1120, 'T2', 6163, 'Th  6'),
(1121, 'L1', 6163, 'T Th  4  W  10'),
(1121, 'T1', 6163, 'F  1'),
(1145, 'L1', 6163, 'M W F  3'),
(1145, 'T1', 6163, 'Th  1'),
(1656, 'L1', NULL, NULL),
(1446, 'L1', 6152, 'M W F  5'),
(1446, 'T1', 6152, 'Th  2'),
(1447, 'L1', 6152, 'M W F  4'),
(1447, 'L2M', NULL, 'M W F  4'),
(1447, 'T1', 6152, 'Th  9'),
(1448, 'L1', 6152, 'M W F  8'),
(1448, 'T1', 6152, 'T  2'),
(1773, 'L1', 6107, 'M W F  7'),
(1565, 'L1', 1232, 'M W F  7'),
(1547, 'L1', 1227, 'M W F  3'),
(1547, 'L2M', NULL, 'M W F  3'),
(1684, 'L1', NULL, NULL),
(1741, 'L1', NULL, NULL),
(1690, 'L1', NULL, NULL),
(1757, 'L1', NULL, NULL),
(1566, 'L1', 5101, 'T Th  4  W  10'),
(1552, 'L1', 2204, 'M W F  2'),
(1553, 'L1', 5103, 'M W  11 12'),
(1925, 'L1', 1220, 'M W F  2'),
(1875, 'L1', 6157, 'T Th  4  W  10'),
(1568, 'L1', 6158, 'T Th  4  W  10'),
(1726, 'L1', NULL, NULL),
(1009, 'L1B', 6163, 'T  10  Th  9'),
(1009, 'L1N', NULL, 'M W F  3'),
(1009, 'L2N', NULL, 'M W F  8'),
(1009, 'L3N', NULL, 'T Th  5  F  10'),
(1009, 'T1B', NULL, 'Th  1'),
(1009, 'T1N', NULL, 'F  1'),
(1009, 'T2N', NULL, 'F  1'),
(1009, 'T3N', NULL, 'F  1'),
(1009, 'T4N', NULL, 'M  1'),
(1009, 'T5N', NULL, 'M  1'),
(1009, 'T6N', NULL, 'Th  8'),
(1009, 'T7N', NULL, 'Th  8'),
(1009, 'T8N', NULL, 'Th  8'),
(1009, 'T9N', NULL, 'Th  8'),
(1009, 'T10N', NULL, 'W  1'),
(1077, 'L1', 5105, 'M  10  T Th  3'),
(1077, 'L2', 5101, 'M  10  T Th  3'),
(1077, 'T1', 5105, 'W  1'),
(1077, 'T2', 5101, 'W  1'),
(1077, 'T3', 6101, 'W  1'),
(1077, 'T4', 6102, 'W  1'),
(1077, 'T5', 1234, 'W  1'),
(1077, 'T6', 6152, 'W  1'),
(1077, 'P1', NULL, 'T  10 11'),
(1077, 'P2', NULL, 'T  10 11'),
(1077, 'P3', NULL, 'T  10 11'),
(1077, 'P4', NULL, 'Th  10 11'),
(1077, 'P5', NULL, 'Th  7 8'),
(1077, 'P6', NULL, 'Th  7 8'),
(1078, 'L1', 5105, 'T Th  4  W  10'),
(1078, 'T1', 5105, 'F  1'),
(1078, 'T2', 6102, 'F  1'),
(1078, 'T3', 1202, 'F  1'),
(1078, 'T4', 1226, 'F  1'),
(1078, 'T5', 1231, 'F  1'),
(1080, 'L1', 5105, 'M W F  9'),
(1080, 'T1', 5105, 'Th  1'),
(1080, 'T2', 6155, 'Th  1'),
(1080, 'T3', 6156, 'Th  1'),
(1080, 'T4', 6101, 'Th  1'),
(1080, 'T5', 6102, 'Th  1'),
(1080, 'T6', 1202, 'Th  1'),
(1079, 'L1', 5102, 'M W F  3'),
(1079, 'L2', 5105, 'M W F  3'),
(1079, 'T1', 5102, 'M  1'),
(1079, 'T2', 5105, 'M  1'),
(1079, 'T3', 1233, 'M  1'),
(1079, 'T4', 6101, 'M  1'),
(1079, 'T5', 6102, 'M  1'),
(1079, 'T6', 1234, 'M  1'),
(1079, 'T7', 1202, 'M  1'),
(1079, 'T8', 1204, 'M  1'),
(1079, 'P1', NULL, 'T  10 11'),
(1079, 'P2', NULL, 'T  10 11'),
(1079, 'P3', NULL, 'T  10 11'),
(1079, 'P4', NULL, 'T  10 11'),
(1079, 'P5', NULL, 'Th  7 8'),
(1079, 'P6', NULL, 'Th  7 8'),
(1079, 'P7', NULL, 'Th  7 8'),
(1889, 'L1', NULL, NULL),
(1889, 'P1', NULL, 'T  10 11'),
(1657, 'L1', NULL, NULL),
(1242, 'L1', 5102, 'M W F  4'),
(1242, 'T1', 1201, 'Th  2'),
(1242, 'T2', 1223, 'Th  2'),
(1242, 'T3', 1227, 'Th  2'),
(1242, 'P1', NULL, 'Th  7 8'),
(1242, 'P2', NULL, 'T  10 11'),
(1242, 'P3', NULL, 'Th  7 8'),
(1242, 'P4', NULL, 'T  10 11'),
(1243, 'L1', 5102, 'M W F  8'),
(1243, 'L2', 5101, 'M W F  8'),
(1243, 'T1', 1202, 'Th  9'),
(1243, 'T2', 6155, 'Th  9'),
(1243, 'T3', 1203, 'Th  9'),
(1243, 'T4', 1223, 'Th  9'),
(1243, 'T5', 1226, 'Th  9'),
(1731, 'L1', NULL, NULL),
(1742, 'L1', NULL, NULL),
(1691, 'L1', NULL, NULL),
(1758, 'L1', NULL, NULL),
(2288, 'L1', 1223, 'M W F  2'),
(1254, 'L1', 6104, 'M W F  7'),
(1259, 'L1', 1231, 'M W F  3'),
(1256, 'L1', 1203, 'M W F  9'),
(1256, 'P1', NULL, 'T  1 2'),
(1256, 'P2', NULL, 'T  1 2'),
(1257, 'L1', 5101, 'M W F  6'),
(1249, 'L1', 1202, 'M W F  7'),
(1855, 'L1', 5105, 'M W F  2'),
(1855, 'P1', NULL, 'T  10 11'),
(1716, 'L1', NULL, NULL),
(324, 'L1N', NULL, 'M W F  7'),
(324, 'P1N', NULL, 'T  7 8'),
(324, 'P2N', NULL, 'Th  7 8'),
(2175, 'L1', 5103, 'M W F  5'),
(698, 'L1N', NULL, 'T Th  5  F  10'),
(698, 'P1N', NULL, 'Th  9 10'),
(712, 'L1', 1231, 'T Th  5  F  10'),
(712, 'P1', NULL, 'T  7 8'),
(1896, 'L1', 6104, 'M W F  9'),
(1897, 'L1', 6108, 'M W F  7'),
(707, 'L1N', NULL, 'T Th  4  W  10'),
(471, 'L1', 6103, 'M W F  4'),
(921, 'L1', 6151, 'T Th  4  W  10'),
(2267, 'L1', 6102, 'M W F  5'),
(1658, 'L1', NULL, NULL),
(1539, 'L1', 6151, 'M W F  7'),
(1539, 'L2M', NULL, 'M W F  7'),
(1545, 'L1', 5101, 'T Th  4  W  10'),
(1545, 'L2M', NULL, 'T Th  4  W  10'),
(1732, 'L1', NULL, NULL),
(1743, 'L1', NULL, NULL),
(1692, 'L1', NULL, NULL),
(1759, 'L1', NULL, NULL),
(1942, 'L1', 1227, 'M W F  2'),
(1942, 'L2M', NULL, 'M W F  2'),
(1717, 'L1', NULL, NULL),
(1130, 'L1', 1233, 'T Th  5  F  10'),
(1131, 'L1', 6160, 'M W F  4'),
(1132, 'L1', 6103, 'M  10  T Th  3'),
(1133, 'L1', 6109, 'T  6  T Th  2'),
(1134, 'P1', NULL, 'T Th  7 8'),
(1135, 'L1', 6109, 'M W F  7'),
(1136, 'L1', 6109, 'M W F  5'),
(1136, 'L2', 6101, 'T  6  T Th  2'),
(1169, 'L1', 1233, 'T  6  T Th  2'),
(1170, 'L1', 6101, 'T Th  5  F  10'),
(1159, 'L1', 1201, 'M W F  8'),
(1659, 'L1', NULL, NULL),
(1173, 'L1', 6102, 'M W F  4'),
(1174, 'L1', 1234, 'T Th  5  F  10'),
(1914, 'L1', 1201, 'M  10  T Th  3'),
(1163, 'L1', 2206, 'M  4'),
(1163, 'P1', NULL, 'T  7 8'),
(1137, 'L1', 1201, 'T Th  5  F  10'),
(1175, 'L1', 6101, 'M W F  5'),
(1873, 'L1', 6102, 'M W  6'),
(1733, 'L1', NULL, NULL),
(1744, 'L1', NULL, NULL),
(1693, 'L1', NULL, NULL),
(1760, 'L1', NULL, NULL),
(1718, 'L1', NULL, NULL),
(1596, 'L1', 1202, 'M W F  8'),
(1621, 'L1', 1226, 'T Th  5  F  10'),
(1627, 'L1', 1234, 'T  6  T Th  2'),
(1628, 'L1', 6109, 'M W F  8'),
(2425, 'L1', 1226, 'M  10  T Th  3'),
(1776, 'L1', NULL, NULL),
(1777, 'L1', 5105, 'M W F  7'),
(1155, 'L1', 2204, 'M W F  4'),
(1609, 'L1', 5102, 'T Th  5  F  10'),
(1597, 'L1', 6102, 'T  6  T Th  2'),
(1599, 'L1', 5105, 'M W F  5'),
(1623, 'L1', 6101, 'M W F  6'),
(1625, 'L1', 6156, 'M W F  7'),
(1626, 'L1', 1233, 'M W F  5'),
(2289, 'L1', 6164, 'M W F  2'),
(1096, 'L1', 5105, 'M  10  T Th  3'),
(1096, 'L2', 5101, 'M  10  T Th  3'),
(1096, 'T1', 5105, 'W  1'),
(1096, 'T2', 5101, 'W  1'),
(1096, 'T3', 6101, 'W  1'),
(1096, 'T4', 6102, 'W  1'),
(1096, 'T5', 1234, 'W  1'),
(1096, 'T6', 6152, 'W  1'),
(1096, 'P1', NULL, 'Th  7 8'),
(1096, 'P2', NULL, 'T  10 11'),
(1096, 'P3', NULL, 'T  10 11'),
(1096, 'P4', NULL, 'Th  10 11'),
(1096, 'P5', NULL, 'Th  7 8'),
(1096, 'P6', NULL, 'Th  10 11'),
(1097, 'L1', 5105, 'T Th  4  W  10'),
(1097, 'T1', 5105, 'F  1'),
(1097, 'T2', 6102, 'F  1'),
(1097, 'T3', 1202, 'F  1'),
(1097, 'T4', 1226, 'F  1'),
(1097, 'T5', 1231, 'F  1'),
(1099, 'L1', 5105, 'M W F  9'),
(1099, 'T1', 5105, 'Th  1'),
(1099, 'T2', 6155, 'Th  1'),
(1099, 'T3', 6156, 'Th  1'),
(1099, 'T4', 6101, 'Th  1'),
(1099, 'T5', 6102, 'Th  1'),
(1099, 'T6', 1202, 'Th  1'),
(1098, 'L1', 5102, 'M W F  3'),
(1098, 'L2', 5105, 'M W F  3'),
(1098, 'T1', 5102, 'M  1'),
(1098, 'T2', 5105, 'M  1'),
(1098, 'T3', 1233, 'M  1'),
(1098, 'T4', 6101, 'M  1'),
(1098, 'T5', 6102, 'M  1'),
(1098, 'T6', 1234, 'M  1'),
(1098, 'T7', 1202, 'M  1'),
(1098, 'T8', 1204, 'M  1'),
(1098, 'P1', NULL, 'T  10 11'),
(1098, 'P2', NULL, 'T  10 11'),
(1098, 'P3', NULL, 'T  10 11'),
(1098, 'P4', NULL, 'T  10 11'),
(1098, 'P5', NULL, 'Th  7 8'),
(1098, 'P6', NULL, 'Th  7 8'),
(1098, 'P7', NULL, 'Th  7 8'),
(1660, 'L1', NULL, NULL),
(1345, 'L1', 1201, 'M W F  4'),
(1345, 'P1', NULL, 'T  7 8'),
(1345, 'P2', NULL, 'T  7 8'),
(1345, 'P3', NULL, 'Th  10 11'),
(1346, 'L1', 1234, 'M W F  5'),
(1346, 'T1', 1203, 'T  9'),
(1346, 'T2', 1227, 'T  9'),
(1346, 'T3', 1223, 'T  9'),
(1347, 'L1', 5102, 'M W F  8'),
(1347, 'L2', 5101, 'M W F  8'),
(1347, 'T1', 1202, 'Th  9'),
(1347, 'T2', 6155, 'Th  9'),
(1347, 'T3', 1203, 'Th  9'),
(1347, 'T4', 1223, 'Th  9'),
(1347, 'T5', 1226, 'Th  9'),
(1734, 'L1', NULL, NULL),
(1745, 'L1', NULL, NULL),
(1694, 'L1', NULL, NULL),
(1761, 'L1', NULL, NULL),
(1719, 'L1', NULL, NULL),
(1331, 'L1', 6160, 'M W F  2'),
(275, 'L1', 1201, 'M W F  3'),
(1010, 'L1B', 6107, 'M  10  T Th  3'),
(1010, 'L2N', NULL, 'M W F  3'),
(1010, 'L3N', NULL, 'M W F  8'),
(1010, 'L4N', NULL, 'T Th  5  F  10'),
(1010, 'T1B', 6160, 'F  1'),
(1010, 'T2N', NULL, 'F  1'),
(1010, 'T3N', NULL, 'F  1'),
(1010, 'T4N', NULL, 'F  1'),
(1010, 'T5N', NULL, 'F  1'),
(1010, 'T6N', NULL, 'F  1'),
(1010, 'T7N', NULL, 'M  1'),
(1010, 'T8N', NULL, 'M  1'),
(1010, 'T9N', NULL, 'M  1'),
(1010, 'T10N', NULL, 'M  1'),
(1010, 'T11N', NULL, 'M  1'),
(1010, 'T12N', NULL, 'M  1'),
(1010, 'T13N', NULL, 'Th  8'),
(1010, 'T14N', NULL, 'Th  8'),
(1010, 'T15N', NULL, 'Th  8'),
(1010, 'T16N', 1201, 'Th  8'),
(1010, 'T17N', 6102, 'Th  8'),
(1010, 'T18N', NULL, 'Th  8'),
(1010, 'T19N', NULL, 'W  1'),
(1010, 'T20N', NULL, 'W  1'),
(1010, 'T21N', NULL, 'W  1'),
(1010, 'T22N', NULL, 'W  1'),
(1010, 'T23N', NULL, 'W  1'),
(1010, 'T24N', NULL, 'W  1'),
(1010, 'T25N', NULL, 'W  1'),
(1022, 'L1', 1233, 'M W F  4'),
(1022, 'L2', 1234, 'M W F  4'),
(1022, 'L3', 1231, 'M W F  4'),
(1022, 'L4', 1226, 'M W F  4'),
(1022, 'L5', 1202, 'M W F  4'),
(1022, 'L6', 1203, 'M W F  4'),
(1022, 'L7', 6159, 'M W F  4'),
(1022, 'L8', 6163, 'M W F  4'),
(1022, 'L9', 6164, 'M W F  4'),
(1022, 'L10', 1233, 'M W F  7'),
(1022, 'L11', 1234, 'M W F  7'),
(1022, 'L12', 5106, 'M W F  7'),
(1022, 'CH1', 1233, 'T  1'),
(1022, 'CH2', 1234, 'T  1'),
(1022, 'CH3', 5101, 'T  1'),
(1022, 'CH4', 5102, 'T  1'),
(1022, 'CH5', 5105, 'T  1'),
(1022, 'CH6', 5106, 'T  1'),
(1022, 'CH7', 6159, 'T  1'),
(1022, 'CH8', 6163, 'T  1'),
(1022, 'CH9', 6164, 'T  1'),
(1022, 'CH10', 6101, 'T  1'),
(1022, 'CH11', 6102, 'T  1'),
(1022, 'CH12', 6152, 'T  1'),
(1122, 'L1', 6164, 'M W F  9'),
(1122, 'L2', 6102, 'T Th  5  F  10'),
(1122, 'L3', 6159, 'T Th  5  F  10'),
(1122, 'L4M', NULL, 'M W F  9'),
(1122, 'T1', 6164, 'M  1'),
(1122, 'T2', 1227, 'M  1'),
(1122, 'T3', 6159, 'T  2'),
(1123, 'L1', 6164, 'M W F  3'),
(1123, 'L2', 1223, 'M W F  3'),
(1123, 'T1', 6164, 'W  1'),
(1123, 'T2', 1226, 'W  1'),
(1124, 'L1', 6164, 'M  10  T Th  3'),
(1124, 'T1', 6164, 'T  7'),
(1125, 'L1', 6164, 'T Th  4  W  10'),
(1125, 'T1', 6164, 'F  1'),
(1662, 'L1', NULL, NULL),
(1469, 'L1', 6155, 'M W F  4'),
(1469, 'T1', 6155, 'T  2'),
(1470, 'L1', 6155, 'M W F  8'),
(1470, 'T1', 6155, 'T  9'),
(1471, 'L1', 6155, 'T Th  5  F  10'),
(1471, 'T1', 6155, 'Th  2'),
(1472, 'L1', NULL, 'M W F  7'),
(1473, 'L1', 6104, 'M W F  2'),
(1679, 'L1', NULL, NULL),
(1747, 'L1', NULL, NULL),
(1696, 'L1', NULL, NULL),
(1763, 'L1', NULL, NULL),
(1480, 'L1', 5106, 'M W F  2'),
(2273, 'L1', 1227, 'M  10  T Th  3'),
(2273, 'L2M', NULL, 'M  10  T Th  3'),
(1330, 'L1', 1202, 'M W F  9'),
(1881, 'L1', 6104, 'T Th  4  W  10'),
(1476, 'L1', 1201, 'M W F  7'),
(1476, 'L2M', NULL, 'M W F  7'),
(1721, 'L1', NULL, NULL),
(939, 'L1', 6152, 'M W F  7'),
(2233, 'L1', 6155, 'M W F  7'),
(2235, 'L1', 5101, 'T Th  4  W  10'),
(2258, 'L1', 6163, 'T Th  5  F  10'),
(2429, 'L1', NULL, 'T Th  4  W  10'),
(2236, 'L1', 6156, 'M W F  2'),
(1907, 'L1', 6104, 'M  4  T Th  8'),
(1909, 'L1', NULL, 'T Th  5  Th  9'),
(1910, 'L1', 6107, 'M W F  9'),
(2363, 'L1', 6160, 'M W F  8'),
(2364, 'L1', 1223, 'M  10  T Th  3'),
(2365, 'L1', 1226, 'M W F  5'),
(2328, 'L1', 6152, 'M W F  9'),
(2329, 'L1', 6152, 'T Th  4  W  10'),
(2245, 'L1', 2204, 'M W F  2'),
(2249, 'L1', 6108, 'T Th  2  F  4'),
(2250, 'L1', 1227, 'M W F  3'),
(2379, 'L1B', 6107, 'M  8'),
(2379, 'L2N', NULL, 'W  10'),
(2379, 'P1B', NULL, 'T  7 8'),
(2379, 'P2N', NULL, 'T  3 4'),
(2379, 'P3N', NULL, 'T  3 4'),
(2379, 'P4N', NULL, 'T  3 4'),
(2379, 'P5N', NULL, 'T  3 4'),
(2379, 'P6N', NULL, 'T  3 4'),
(2379, 'P7N', NULL, 'T  3 4'),
(2379, 'P8N', NULL, 'T  3 4'),
(1083, 'L1', 5106, 'T Th  4  W  10'),
(1083, 'T1', 5106, 'F  1'),
(1083, 'T2', 1203, 'F  1'),
(1083, 'T3', 1201, 'F  1'),
(1083, 'T4', 1223, 'F  1'),
(1083, 'T5', 1232, 'F  1'),
(1082, 'L1', 5106, 'M  10  T Th  3'),
(1082, 'T1', 5106, 'W  1'),
(1082, 'T2', 6154, 'W  1'),
(1082, 'T3', 6159, 'W  1'),
(1082, 'T4', 1227, 'W  1'),
(1082, 'T5', 1201, 'W  1'),
(1084, 'L1B', NULL, 'M W F  3'),
(1084, 'P1B', NULL, 'T  10 11'),
(1084, 'T4', 1223, 'Th  1'),
(1085, 'P1', NULL, 'T  10 11'),
(2394, 'L1', 5106, 'M W F  9'),
(2394, 'T1', 5106, 'M  1'),
(2394, 'T2', 1226, 'M  1'),
(2394, 'T3', 1201, 'M  1'),
(2394, 'T4', 1223, 'M  1'),
(2394, 'T5', 1219, 'M  1'),
(2394, 'P1', NULL, 'Th  7 8'),
(2394, 'P2', NULL, 'Th  7 8'),
(2394, 'P3', NULL, 'Th  7 8'),
(2394, 'P4', NULL, 'Th  7 8'),
(2396, 'L1', 5106, 'M W F  3'),
(2396, 'T1', 5106, 'Th  1'),
(2396, 'T2', 1227, 'Th  1'),
(2396, 'T3', 1201, 'Th  1'),
(2396, 'T4', 1223, 'Th  1'),
(2396, 'P1', NULL, 'T  10 11'),
(2396, 'P2', NULL, 'T  10 11'),
(2396, 'P3', NULL, 'T  10 11'),
(2396, 'P4', NULL, 'T  10 11'),
(1266, 'L1', 1220, 'T Th  4  W  10'),
(1663, 'L1', NULL, NULL),
(1267, 'L1', NULL, NULL),
(1268, 'L1', 1219, 'M  10  T Th  3'),
(2401, 'L1', 1227, 'M W F  4'),
(2401, 'T1', 1205, 'Th  2'),
(2401, 'T2', 1204, 'Th  2'),
(2401, 'T3', 1232, 'Th  2'),
(2401, 'T4', 1220, 'Th  2'),
(2401, 'T5', 1219, 'Th  2'),
(2403, 'L1', 5106, 'M W  8'),
(2403, 'T1', 5106, 'F  8'),
(2403, 'P1', NULL, 'T  7 8'),
(2403, 'P2', NULL, 'T  7 8'),
(2403, 'P3', NULL, 'Th  7 8'),
(2403, 'P4', NULL, 'Th  7 8'),
(2404, 'L1', 1227, 'T Th  5'),
(2404, 'T1', 6104, 'T  2'),
(2404, 'T2', 6103, 'T  2'),
(2404, 'T3', 1205, 'T  2'),
(2404, 'T4', 1204, 'T  2'),
(2405, 'L1', 5106, 'W F  5'),
(2405, 'T1', 1202, 'T  9'),
(2405, 'T2', 1232, 'T  9'),
(2405, 'T3', 1226, 'T  9'),
(2405, 'T4', 1231, 'T  9'),
(1680, 'L1', NULL, NULL),
(1748, 'L1', NULL, NULL),
(1697, 'L1', NULL, NULL),
(1764, 'L1', NULL, NULL),
(1275, 'L1', 1203, 'M W F  3'),
(2291, 'L1', 1203, 'M W F  7'),
(1277, 'L1', 1226, 'M W F  7'),
(1278, 'L1', 1226, 'T Th  4  W  10'),
(1281, 'L1', 1223, 'M W F  7'),
(1281, 'T1', 1202, 'W  1'),
(1284, 'L1N', NULL, 'M  10  T Th  3'),
(1868, 'L1', 6101, 'M W F  11'),
(1290, 'L1', NULL, NULL),
(741, 'L1N', NULL, 'T Th  4  W  10'),
(741, 'L2', NULL, 'M W F  3'),
(322, 'L1N', NULL, 'M W F  5'),
(322, 'L2', 1205, 'T Th  4  W  10'),
(262, 'L1', 1232, 'T Th  5  F  10'),
(2098, 'L1', 1204, 'M W F  9'),
(2079, 'L1N', NULL, 'M W F  7'),
(2086, 'L1N', NULL, 'M W F  9'),
(2087, 'L1', 1204, 'M W F  2'),
(740, 'L1', 6156, 'M W F  8'),
(742, 'L1N', NULL, 'M  10  T Th  3'),
(743, 'L1N', 6159, 'M W F  3'),
(743, 'P1N', NULL, 'T  10 11'),
(743, 'P2N', NULL, 'T  10 11'),
(2063, 'L1', 6101, 'M W Th  8'),
(2063, 'P1', NULL, 'F  8 9'),
(500, 'L1', 6164, 'T Th  5  F  10'),
(2064, 'L1', 6152, 'M  10  T Th  3'),
(932, 'L1', 6107, 'M W F  4'),
(606, 'L1', 6101, 'M W F  2'),
(744, 'L1N', NULL, 'T Th  4  W  10'),
(1107, 'L1', 1223, 'T Th  4  W  10'),
(1107, 'T1', 5106, 'F  1'),
(1107, 'T2', 1203, 'F  1'),
(1107, 'T3', 1201, 'F  1'),
(1107, 'T4', 1223, 'F  1'),
(1107, 'T5', 1232, 'F  1'),
(2395, 'L1', 5106, 'M W F  9'),
(2395, 'T1', 5106, 'M  1'),
(2395, 'T2', 1226, 'M  1'),
(2395, 'T3', 1201, 'M  1'),
(2395, 'T4', 1223, 'M  1'),
(2395, 'T5', 1219, 'M  1'),
(2395, 'P1', NULL, 'Th  7 8'),
(2395, 'P2', NULL, 'Th  7 8'),
(2395, 'P3', NULL, 'Th  7 8'),
(2395, 'P4', NULL, 'Th  7 8'),
(2410, 'P1', NULL, 'M W  2 3'),
(2411, 'L1', 6155, 'M  10  T Th  3'),
(2411, 'P1', NULL, 'F  2 3'),
(2411, 'P2', NULL, 'F  2 3'),
(2411, 'P3', NULL, 'F  2 3'),
(2411, 'P4', NULL, 'F  2 3'),
(1664, 'L1', NULL, NULL),
(2431, 'L1', 1227, 'M W F  4'),
(2431, 'T1', 1205, 'Th  2'),
(2431, 'T2', 1204, 'Th  2'),
(2431, 'T3', 1232, 'Th  2'),
(2431, 'T4', 1220, 'Th  2'),
(2431, 'T5', 1219, 'Th  2'),
(2415, 'L1', 1203, 'M W F  8'),
(2415, 'T1', 1202, 'T  2'),
(2415, 'P1', NULL, 'T  10 11'),
(2415, 'P2', NULL, 'T  10 11'),
(2416, 'L1', 1203, 'M W F  5'),
(2416, 'P1', NULL, 'T  7 8'),
(2416, 'P2', NULL, 'T  7 8'),
(1681, 'L1', NULL, NULL),
(1749, 'L1', NULL, NULL),
(1698, 'L1', NULL, NULL),
(1765, 'L1', NULL, NULL),
(1418, 'L1', 1201, 'M W F  3'),
(1884, 'L1', 1201, 'M W F  2'),
(1422, 'L1', NULL, NULL),
(2453, 'L1', 6105, 'T Th  4  W  10'),
(2454, 'L1', 6105, 'T Th  5  F  10'),
(2455, 'L1', 6105, 'M W F  3'),
(2456, 'L1', 6105, 'M W F  5'),
(2457, 'L1', 6105, 'M W  2'),
(2457, 'P1', NULL, 'T  8 9'),
(2457, 'P2', NULL, 'Th  8 9'),
(2458, 'L1', 6105, 'M W  4'),
(2458, 'P1', NULL, 'T  8 9'),
(2458, 'P2', NULL, 'Th  8 9'),
(2459, 'L1', 6105, 'F  4'),
(2459, 'P1', NULL, 'T Th  2 3'),
(2459, 'P2', NULL, 'M W  8 9'),
(649, 'L1', 6155, 'M W F  5'),
(1932, 'L1', 6107, 'M W F  3'),
(667, 'L1', NULL, 'M W F  11'),
(673, 'L1', NULL, 'T Th S  11'),
(1086, 'L1', 6159, 'T Th  4'),
(1086, 'T1', 6159, 'W  10'),
(1086, 'P1', NULL, 'T  7 8'),
(1086, 'P2', NULL, 'T  7 8'),
(1292, 'L1', 6159, 'M W  9'),
(1292, 'T1', 6159, 'F  9'),
(1292, 'P1', NULL, 'T  10 11'),
(1292, 'P2', NULL, 'T  10 11'),
(1665, 'L1', NULL, NULL),
(1295, 'L1', 1232, 'M W  4'),
(1295, 'T1', 1232, 'F  4'),
(1295, 'P1', NULL, 'Th  7 8'),
(1295, 'P2', NULL, 'Th  7 8'),
(1297, 'L1', 1231, 'M W  5'),
(1297, 'T1', 1231, 'F  5'),
(1297, 'P1', NULL, 'T  10 11'),
(1297, 'P2', NULL, 'T  10 11'),
(1299, 'L1', 6164, 'T Th  9'),
(1299, 'T1', 6153, 'F  9'),
(1299, 'P1', NULL, 'T  7 8'),
(1300, 'L1', 6103, 'M W  8'),
(1300, 'T1', 1232, 'F  8'),
(1300, 'P1', NULL, 'Th  1 2'),
(1300, 'P2', NULL, 'Th  1 2'),
(1682, 'L1', NULL, NULL),
(1750, 'L1', NULL, NULL),
(1699, 'L1', NULL, NULL),
(1766, 'L1', NULL, NULL),
(1303, 'L1', 6103, 'T Th  4  W  10'),
(1305, 'L1', 1231, 'M  10  T Th  3'),
(1306, 'L1', 2207, 'M W F  2'),
(1724, 'L1', NULL, NULL),
(351, 'L1N', NULL, 'M W F  5'),
(351, 'P1N', NULL, 'M  10 11'),
(2381, 'L1', 6153, 'M  10  T Th  3'),
(2383, 'L1', NULL, 'M W F  8'),
(2383, 'P1', NULL, 'T  7 8'),
(2385, 'L1N', NULL, 'M W F  3'),
(2387, 'L1N', NULL, 'T Th  5  F  10'),
(2387, 'P1N', NULL, 'Th  1 2'),
(183, 'L1', 6153, 'M W F  4'),
(183, 'P1', NULL, 'Th  7 8'),
(653, 'L1N', NULL, 'M W F  8'),
(653, 'P1N', NULL, 'T  7 8'),
(55, 'L1N', NULL, 'M W F  4'),
(2125, 'L1N', NULL, 'T Th  4  W  10'),
(2125, 'P1N', NULL, 'M  8 9'),
(2293, 'L1', 6153, 'T Th  4  W  10'),
(2293, 'P1', 6153, 'Th  9 10'),
(2388, 'L1N', NULL, 'M W F  7'),
(2388, 'P1', NULL, 'T  7 8'),
(747, 'L1N', NULL, 'M W F  7'),
(747, 'P1N', NULL, 'Th  3 4'),
(955, 'L1', 6102, 'M W F  2'),
(955, 'P1', NULL, 'Th  1 2'),
(510, 'L1', 6155, 'M W F  3'),
(145, 'L1', 6153, 'T Th  5  F  10'),
(145, 'P1', NULL, 'T  9 10'),
(767, 'L1', 6105, 'M W F  8'),
(2105, 'L1N', NULL, 'M W F  2'),
(2105, 'P1N', NULL, 'T  1 2'),
(2389, 'L1', NULL, 'T Th  4  W  10'),
(2390, 'L1', 6159, 'M W F  8'),
(2391, 'L1', 1202, 'T Th  5  F  10'),
(2393, 'L1', NULL, 'M  10  T Th  3'),
(2069, 'L1', NULL, NULL),
(1014, 'P1B', NULL, 'T  4 5'),
(1014, 'P2N', NULL, 'T  7 8'),
(1014, 'P3N', NULL, 'T  7 8'),
(1014, 'P4N', NULL, 'T  7 8'),
(1014, 'P5N', NULL, 'T  7 8'),
(1014, 'P6N', NULL, 'T  7 8'),
(1014, 'P7N', NULL, 'T  7 8'),
(1014, 'P8N', NULL, 'T  7 8'),
(1014, 'P9N', NULL, 'T  9 10'),
(1014, 'P10N', NULL, 'T  9 10'),
(1014, 'P11N', NULL, 'T  9 10'),
(1014, 'P12N', NULL, 'T  9 10'),
(1014, 'P13N', NULL, 'T  9 10'),
(1014, 'P14N', NULL, 'T  9 10'),
(1014, 'P15N', NULL, 'T  9 10'),
(1014, 'P16N', NULL, 'Th  9 10'),
(1014, 'P17N', NULL, 'Th  9 10'),
(1014, 'P18N', NULL, 'Th  9 10'),
(1014, 'P19N', NULL, 'Th  9 10'),
(1014, 'P20N', NULL, 'Th  9 10'),
(1014, 'P21N', NULL, 'Th  9 10'),
(1014, 'P22N', NULL, 'Th  9 10'),
(1014, 'P23N', NULL, 'Th  9 10'),
(1015, 'L1B', 6102, 'M W F  11'),
(1015, 'L2N', NULL, 'M W F  2'),
(1015, 'L3N', NULL, 'M W F  9'),
(1015, 'T1B', 6159, 'T  9'),
(1015, 'T2N', NULL, 'F  4'),
(1015, 'T3N', NULL, 'F  4'),
(1015, 'T4N', NULL, 'F  4'),
(1015, 'T5N', NULL, 'M  4'),
(1015, 'T6N', NULL, 'M  4'),
(1015, 'T7N', NULL, 'M  4'),
(1015, 'T8N', NULL, 'Th  7'),
(1015, 'T9N', NULL, 'Th  7'),
(1015, 'T10N', NULL, 'Th  7'),
(1015, 'T11N', NULL, 'W  4'),
(1015, 'T12N', NULL, 'W  4'),
(1015, 'T13N', NULL, 'W  4'),
(1859, 'L1N', NULL, 'M W F  8'),
(1859, 'T1N', NULL, 'M  1'),
(1126, 'L1', 6156, 'M  10  T Th  3'),
(1126, 'T1', 6156, 'W  1'),
(1127, 'L1', 6156, 'T Th  4  W  10'),
(1127, 'L2', 6155, 'T Th  4  W  10'),
(1127, 'T1', 6156, 'F  1'),
(1127, 'T2', 1227, 'F  1'),
(1128, 'L1', 6156, 'M W F  9'),
(1128, 'T1', 6156, 'M  1'),
(1129, 'P1', NULL, 'T Th  7 8'),
(1129, 'P2', NULL, 'T Th  7 8'),
(1666, 'L1', NULL, NULL),
(1486, 'L1', 6156, 'T Th  5  F  10'),
(1486, 'T1', 6156, 'T  8'),
(1487, 'L1', 6156, 'M W F  4'),
(1487, 'T1', 6156, 'Th  2'),
(1488, 'L1', 6156, 'M W F  5'),
(1488, 'T1', 6156, 'Th  9'),
(1494, 'L1', 1227, 'M W F  7'),
(1683, 'L1', NULL, NULL),
(1751, 'L1', NULL, NULL),
(1700, 'L1', NULL, NULL),
(1767, 'L1', NULL, NULL),
(2136, 'L1', 1232, 'M W F  2'),
(1496, 'L1', 6103, 'M W F  3'),
(1498, 'L1', 6107, 'T Th  4  W  10'),
(1500, 'L1', 1205, 'M  10  T Th  3'),
(1502, 'L1', 6103, 'M W F  9'),
(1725, 'L1', NULL, NULL),
(2297, 'L1N', NULL, 'T Th  5  F  10'),
(2298, 'L1N', NULL, 'M  10  T Th  3'),
(2299, 'L1N', NULL, 'M W F  9'),
(632, 'L1N', NULL, 'T Th  4  W  10'),
(2109, 'L1', 6160, 'T  9  T Th  1'),
(485, 'L1', 1203, 'T Th  5  F  10'),
(430, 'L1N', NULL, 'M W F  4');


insert  into `InstNames`(`insID`, `profName`) values
(1, 'A R HARIKRISHNAN'),
(2, 'A R Harikrishnan'),
(3, 'ABHIJEET KESHAORAO DIGALWAR'),
(4, 'ABHIJIT RAMESHWAR ASATI'),
(5, 'ABHISHEK MISHRA'),
(6, 'ACHINT NIGAM'),
(7, 'AJAY KUMAR SAH'),
(8, 'AJAYA KUMAR PANI'),
(9, 'AJIT PRATAP SINGH'),
(10, 'AMIT DUA'),
(11, 'AMIT RAJNARAYAN SINGH'),
(12, 'AMITESH SINGH RAJPUT'),
(13, 'AMOL MARATHE'),
(14, 'ANANTHA KRISHNA CHINTANPALLI'),
(15, 'ANEESH A M'),
(16, 'ANIL KUMAR'),
(17, 'ANIL KUMAR BHAT'),
(18, 'ANIL RAI'),
(19, 'ANIRUDDHA ROY'),
(20, 'ANIRUDH SINGH RANA'),
(21, 'ANSHUMAN'),
(22, 'ANU GUPTA'),
(23, 'ANUPAM SINGHAL'),
(24, 'ANUPAM YADAV'),
(25, 'ANUPAMA MITTAL'),
(26, 'ARNAB HAZRA'),
(27, 'ARUN KUMAR GIRI'),
(28, 'ARUN KUMAR JALAN'),
(29, 'ARVIND KUMAR SHARMA'),
(30, 'ARYA KUMAR'),
(31, 'ASHIS KUMAR DAS'),
(32, 'ASHISH TIWARI'),
(33, 'ASHUTOSH BHATIA'),
(34, 'ATISH PAUL'),
(35, 'AVINASH GAUTAM'),
(36, 'Aakash Chand Rai'),
(37, 'Aarzoo(RS)'),
(38, 'Aastha Mittal(RS)'),
(39, 'Aayushi Agrawal(RS)'),
(40, 'Abdullah Sultan F(RS)'),
(41, 'Abhay Tharmatt(RS)'),
(42, 'Abhijeet Keshaorao Digalwar'),
(43, 'Abhijit Rameshwar Asati'),
(44, 'Abhijith V(RS)'),
(45, 'Abhilasha Srivastava(RS)'),
(46, 'Abhishek Anand(RS)'),
(47, 'Abhishek Vyas(RS)'),
(48, 'Adapa Dharmateja KaliprasadHemasri(RS)'),
(49, 'Aditya Raw Gautam'),
(50, 'Aditya Sharma(RS)'),
(51, 'Aishwarya Ramesh(RS)'),
(52, 'Aishwarya Singh(RS)'),
(53, 'Ajay Kumar Sah'),
(54, 'Ajaya Kumar Pani'),
(55, 'Ajeet Singh(RS)'),
(56, 'Ajinath Vishwanath Kale(RS)'),
(57, 'Ajita Neogi(RS)'),
(58, 'Akansha Thakur(RS)'),
(59, 'Akash Dubey(RS)'),
(60, 'Akash Gayakwad(RS)'),
(61, 'Akash Samadhiya(RS)'),
(62, 'Akhilesh Kumar Mishra(RS)'),
(63, 'Akshay Kumar(RS)'),
(64, 'Ala Chandu(RS)'),
(65, 'Amit Dua'),
(66, 'Amit Jain'),
(67, 'Amit Kumar Saini(RS)'),
(68, 'Amit Kumar(RS)'),
(69, 'Amit Rajnarayan Singh'),
(70, 'Amit Sharma(RS)'),
(71, 'Amitesh Singh Rajput'),
(72, 'Amol Holkundkar'),
(73, 'Amol Marathe'),
(74, 'Amresh Kumar(RS)'),
(75, 'Amrit Kumar(RS)'),
(76, 'Amrita Chakraborty'),
(77, 'Amritansh Bhanot(RS)'),
(78, 'Anant Mishra(RS)'),
(79, 'Anil Kumar'),
(80, 'Anil Kumar K(RS)'),
(81, 'Anil Kumar Seriyala(RS)'),
(82, 'Aniruddha Roy'),
(83, 'Aniruddha Tangirala(RS)'),
(84, 'Anirudh Singh Rana'),
(85, 'Anish Kumar(RS)'),
(86, 'Anjali Punia(RS)'),
(87, 'Anju Panthi(RS)'),
(88, 'Ankit Agrawal(RS)'),
(89, 'Ankit Kumar(RS)'),
(90, 'Ankit Singh Mehra(RS)'),
(91, 'Ankit Soni(RS)'),
(92, 'Ankita Daiya(RS)'),
(93, 'Ankita Dixit(RS)'),
(94, 'Ankita Sharma(RS)'),
(95, 'Ankush Chandrakant Jahagirdar'),
(96, 'Annu(RS)'),
(97, 'Ansari Imran Kaimudin(RS)'),
(98, 'Anshuman'),
(99, 'Anshuman Dalvi'),
(100, 'Anuj Adhikari(RS)'),
(101, 'Anukaran Khanna(RS)'),
(102, 'Anuvasita Parikh(RS)'),
(103, 'Arihant Kumar Singh(RS)'),
(104, 'Arkaprovo Ghosal'),
(105, 'Arnab Hazra'),
(106, 'Arshveer Kaur(RS)'),
(107, 'Arun Kumar Giri'),
(108, 'Arun Kumar Jalan'),
(109, 'Aruna Gupta(RS)'),
(110, 'Arushi(RS)'),
(111, 'Arya Kumar'),
(112, 'Ashima Sakhuja(RS)'),
(113, 'Ashis Kumar Das'),
(114, 'Ashish Katyal(RS)'),
(115, 'Ashish Khare(RS)'),
(116, 'Ashish Kumar Srivastava(RS)'),
(117, 'Ashish Kumar Verma(RS)'),
(118, 'Ashish Patel'),
(119, 'Ashish Tiwari'),
(120, 'Ashish Verma(RS)'),
(121, 'Ashutosh Bhatia'),
(122, 'Ashutosh Joshi(RS)'),
(123, 'Ashvini Gupta(RS)'),
(124, 'Aswathy Chandragiri(RS)'),
(125, 'Ati Garg(RS)'),
(126, 'Atul Jankiram Dolas(RS)'),
(127, 'Auti Prashant Savleram(RS)'),
(128, 'Ayush Owhal(RS)'),
(129, 'Ayushi Gaur(RS)'),
(130, 'B Vani'),
(131, 'BALABRUSHNA PADHI'),
(132, 'BALRAM DUBEY'),
(133, 'BANASRI ROY'),
(134, 'BHANU VARDHAN REDDYKUNCHARAM'),
(135, 'BHARTI KHUNGAR'),
(136, 'BIBHAS RANJAN SARKAR'),
(137, 'BIJAY KUMAR ROUT'),
(138, 'BIJOY KRISHNA MUKHERJEE'),
(139, 'Balabrushna Padhi'),
(140, 'Balakumaran Chandrasekar'),
(141, 'Balram Dubey'),
(142, 'Banoth Karankumar(RS)'),
(143, 'Bhanu Vardhan Reddy Kuncharam'),
(144, 'Bharat Kaushik(RS)'),
(145, 'Bharti Khungar'),
(146, 'Bhavya Tripathi(RS)'),
(147, 'Bhawani(RS)'),
(148, 'Bhide Atharva Rajendra Archana(RS)'),
(149, 'Bhupender Kaushal(RS)'),
(150, 'Bhupendra Kumar Sharma'),
(151, 'Bibhas Ranjan Sarkar'),
(152, 'Bijay Kumar Rout'),
(153, 'Bijoy Krishna Mukherjee'),
(154, 'Biswanath Layek'),
(155, 'Buddhi Prakash Sharma(RS)'),
(156, 'C RANGANAYAKULU'),
(157, 'C Ranganayakulu'),
(158, 'CHANDRA SHEKHAR'),
(159, 'CHANDRASEKHAR'),
(160, 'CHINTALAPALLI VIJAYAKUMAR'),
(161, 'Chandni Rauniyar(RS)'),
(162, 'Chandra Shekhar'),
(163, 'Chandrachud Bijay Vaswar Dash(RS)'),
(164, 'Chandrasekhar'),
(165, 'Chetan Jalendra(RS)'),
(166, 'Chinmay Nayak(RS)'),
(167, 'Chintalapalli Vijayakumar'),
(168, 'Choudhari Manisha Vinayak(RS)'),
(169, 'Chougule Amit Umesh(RS)'),
(170, 'D Sri Satya Omkar(RS)'),
(171, 'DEBATA BYOMAKESH'),
(172, 'DEBI DATT PANT'),
(173, 'DEEPAK CHITKARA'),
(174, 'DEEPAK KUMAR SAXENA'),
(175, 'DEVENDRA KUMAR'),
(176, 'DEVESH SAMAIYA'),
(177, 'DEVIKA'),
(178, 'DIPENDU BHUNIA'),
(179, 'DIVYANSH PATEL'),
(180, 'DIVYUM SHARMA'),
(181, 'DURGESH VIKRAM'),
(182, 'Dalip Kumar'),
(183, 'Danish Fayaz(RS)'),
(184, 'Debashis Bandyopadhyay'),
(185, 'Debata Byomakesh'),
(186, 'Debi Datt Pant'),
(187, 'Debolina Chatterjee(RS)'),
(188, 'Deepak Kaswan(RS)'),
(189, 'Deepak Kumar Sahel(RS)'),
(190, 'Deepak Kumar Saxena'),
(191, 'Deepali Agrawal(RS)'),
(192, 'Deepika Choudhary(RS)'),
(193, 'Deepthi Godaba Venkata(RS)'),
(194, 'Deshmankar Atharv Pramod(RS)'),
(195, 'Devendra Kumar'),
(196, 'Devendra Kumar Vishwakarma(RS)'),
(197, 'Devesh Samaiya'),
(198, 'Devika'),
(199, 'Dharmesh Mishra(RS)'),
(200, 'Dheerendra Singh'),
(201, 'Dhritabrata Pal(RS)'),
(202, 'Dipendu Bhunia'),
(203, 'Diplesh Gautam(RS)'),
(204, 'Divya Malik(RS)'),
(205, 'Divya Rathore(RS)'),
(206, 'Divyansh Patel'),
(207, 'Divyum Sharma'),
(208, 'ETIKA KRISHNA CHAITANYA'),
(209, 'Etika Krishna Chaitanya'),
(210, 'FAIZAN MOHAMMAD RASHID'),
(211, 'Faizan Mohammad Rashid'),
(212, 'Farhan Mohammad Khan(RS)'),
(213, 'Farhanur Rahman(RS)'),
(214, 'GAIKWAD ANIL BHANUDAS'),
(215, 'GAJENDRA SINGH CHAUHAN'),
(216, 'GAURAV DWIVEDI'),
(217, 'GAURAV WATTS'),
(218, 'GAUTAM SINGHVI'),
(219, 'GEETILAXMI MOHAPATRA'),
(220, 'GIRISH KANT GARG'),
(221, 'Gajendra Singh Chauhan'),
(222, 'Gangadari Giriprasad(RS)'),
(223, 'Gaurav Dwivedi'),
(224, 'Gaurav Tyagi(RS)'),
(225, 'Gaurav Watts'),
(226, 'Geetika(RS)'),
(227, 'Geetilaxmi Mohapatra'),
(228, 'Geoffrey Bryan Fernandez(RS)'),
(229, 'Girish Kant Garg'),
(230, 'Gokul Venkatasubramanian(RS)'),
(231, 'Gorantla Srividya(RS)'),
(232, 'Gorla Praveen(RS)'),
(233, 'Gourav Arora(RS)'),
(234, 'Gunjan(RS)'),
(235, 'Gurpreet Kaur(RS)'),
(236, 'HARE KRISHNA MOHANTA'),
(237, 'HARI OM BANSAL'),
(238, 'HARIBABU K'),
(239, 'HARIKRISHNAN GOPINADHAN NAIR'),
(240, 'HARSHAVARDHAN S'),
(241, 'HEMANT RAMANLAL JADHAV'),
(242, 'HITESH DATT MATHUR'),
(243, 'Hansa Sehgal(RS)'),
(244, 'Hare Krishna Mohanta'),
(245, 'Hari Om Bansal'),
(246, 'Harshavardhan S'),
(247, 'Harshita Sharma(RS)'),
(248, 'Hatwar Nikhil Duryodhan(RS)'),
(249, 'Himanshu Verma(RS)'),
(250, 'Hinge Nikita Subhash(RS)'),
(251, 'Hitesh Datt Mathur'),
(252, 'INAMUR RAHAMAN LASKAR'),
(253, 'INDRESH KUMAR'),
(254, 'Ila Milind Sarode(RS)'),
(255, 'Imtiyaz Ahmad Shah(RS)'),
(256, 'Inamur Rahaman Laskar'),
(257, 'Indresh Kumar'),
(258, 'Ipsita Priyadarshini(RS)'),
(259, 'J. Jennifer Ranjani'),
(260, 'JAGAT SESH CHALLA'),
(261, 'JANARDAN PRASAD MISRA'),
(262, 'JAYASHREE MAHESH'),
(263, 'JAYENDRA NATH BANDYOPADHYAY'),
(264, 'JINDAL ANIL BRIJBHUSHAN'),
(265, 'JITENDER KUMAR'),
(266, 'JITENDRA PANWAR'),
(267, 'JITENDRA SINGH RATHORE'),
(268, 'JYOTI'),
(269, 'Jagat Sesh Challa'),
(270, 'Janardan Prasad Misra'),
(271, 'Jaya Kumar Bhaskar M(RS)'),
(272, 'Jaya Pathak(RS)'),
(273, 'Jayant Singh Bhardwaj(RS)'),
(274, 'Jayashree Mahesh'),
(275, 'Jerin V Philipose(RS)'),
(276, 'Jindal Anil Brijbhushan'),
(277, 'Jitender Kumar'),
(278, 'Jitendra Panwar'),
(279, 'Jitendra Singh Rathore'),
(280, 'Jonnalagedda Aditya(RS)'),
(281, 'KAMLESH TIWARI'),
(282, 'KARRI BABU RAVI TEJA'),
(283, 'KARUNESH KR GUPTA'),
(284, 'KAUSHAR VAIDYA'),
(285, 'KRISHNA M'),
(286, 'KRISHNENDRA SHEKHAWAT'),
(287, 'KULDIP SINGH SANGWAN'),
(288, 'KUMAR BHATTACHARYA'),
(289, 'KUMAR NEERAJ SACHDEV'),
(290, 'Kamalesh Kumar'),
(291, 'Kanika(RS)'),
(292, 'Karanam Laxmi Swetha(RS)'),
(293, 'Karnam Sriravali(RS)'),
(294, 'Karri Babu Ravi Teja'),
(295, 'Karunesh Kr Gupta'),
(296, 'Katakia Yash Tushar(RS)'),
(297, 'Kaushar Vaidya'),
(298, 'Khushboo Kunwar Rao(RS)'),
(299, 'Kirti Singh(RS)'),
(300, 'Komal(RS)'),
(301, 'Kommera Sai Pradyuth(RS)'),
(302, 'Krishna Kumar Saini(RS)'),
(303, 'Krishna Kumar.r.(RS)'),
(304, 'Krishna M'),
(305, 'Krishnendra Shekhawat'),
(306, 'Kumar Bhattacharya'),
(307, 'Kunal Malik(RS)'),
(308, 'Kushwaha Simran KrishnakantSeema(RS)'),
(309, 'L Rajya Lakshmi'),
(310, 'LEELA RANI'),
(311, 'Leo Daniel A(RS)'),
(312, 'MADHUKAR MISHRA'),
(313, 'MADHURIMA DAS'),
(314, 'MADHUSHREE SARKAR'),
(315, 'MANI SANKAR DASGUPTA'),
(316, 'MANOJ KUMAR'),
(317, 'MANOJKUMAR SURAJKARANJI SONI'),
(318, 'MD RUSHDIE IBNE ISLAM'),
(319, 'MD. QAISAR RAZA'),
(320, 'MEETHA V. SHENOY'),
(321, 'MEGHANA TARE'),
(322, 'MOAMMAD FARAZ NAIM'),
(323, 'MRINMOYEE BASU'),
(324, 'MUHAMMED PUTHUSSERI'),
(325, 'MUKESH KUMAR ROHIL'),
(326, 'MUKUL JOSHI'),
(327, 'MUKUND LAHOTI'),
(328, 'MURALI M PANDEY'),
(329, 'MURALI PALLA'),
(330, 'MURALIDHAR RAO N V'),
(331, 'MUTHUKUMAR G'),
(332, 'Madhukar Mishra'),
(333, 'Madhushree Sarkar'),
(334, 'Mahendra Devanda(RS)'),
(335, 'Mahima Choudhary(RS)'),
(336, 'Mahima Tyagi(RS)'),
(337, 'Mahipal Reddy Donthi(RS)'),
(338, 'Mamta Devi Sharma(RS)'),
(339, 'Mamta(RS)'),
(340, 'Mani Sankar Dasgupta'),
(341, 'Manigandan R(RS)'),
(342, 'Manisha(RS)'),
(343, 'Manojkumar Surajkaranji Soni'),
(344, 'Maravajjala Kavya Sree(RS)'),
(345, 'Md Rushdie Ibne Islam'),
(346, 'Md. Qaisar Raza'),
(347, 'Meghana Tare'),
(348, 'Meghana(RS)'),
(349, 'Merylin Das(RS)'),
(350, 'Mishra Shweta Ravindra(RS)'),
(351, 'Mohammed Jamsheed(RS)'),
(352, 'Monika Sandhu(RS)'),
(353, 'Moumita Basak(RS)'),
(354, 'Mrinmoyee Basu'),
(355, 'Mudit Sahai(RS)'),
(356, 'Mukesh Budaniya(RS)'),
(357, 'Mukesh(RS)'),
(358, 'Mukul Joshi'),
(359, 'Mukund Lahoti'),
(360, 'Murali Palla'),
(361, 'Muralidhar Rao N V'),
(362, 'Muthukumar G'),
(363, 'NAVIN SINGH'),
(364, 'NAVNEET GOYAL'),
(365, 'NAVNEET GUPTA'),
(366, 'NEETU YADAV'),
(367, 'NIRANKUSH DUTTA'),
(368, 'NISHANT ROY'),
(369, 'NITIN CHATURVEDI'),
(370, 'Nagarajan Nallusamy'),
(371, 'Nagare Yadav Kacharu(RS)'),
(372, 'Nandini Roy(RS)'),
(373, 'Narendra Dinkar Kharat(RS)'),
(374, 'Narisepalli Saibhargav(RS)'),
(375, 'Narshimha(RS)'),
(376, 'Naveen P T(RS)'),
(377, 'Navin Singh'),
(378, 'Navneet Goyal'),
(379, 'Navneet Gupta'),
(380, 'Navya Bahl(RS)'),
(381, 'Neha Choudhary(RS)'),
(382, 'Neha Dagar(RS)'),
(383, 'Neha Mathur(RS)'),
(384, 'Neha Meena(RS)'),
(385, 'Neha(RS)'),
(386, 'Nehal Mathur(RS)'),
(387, 'Nidhi(RS)'),
(388, 'Nikhil R(RS)'),
(389, 'Nikita Dhankhar(RS)'),
(390, 'Niladri Sarkar'),
(391, 'Nilanjana Mani(RS)'),
(392, 'Nisha Gangwar(RS)'),
(393, 'Nisha Yadav(RS)'),
(394, 'Nitin Chaturvedi'),
(395, 'Nitish Yadav(RS)'),
(396, 'Nivash.r(RS)'),
(397, 'Niyati Kamlesh Pandya(RS)'),
(398, 'Oshin Rawlley(RS)'),
(399, 'P R DEEPA'),
(400, 'P R Deepa'),
(401, 'P SRINIVASAN'),
(402, 'P Srinivasan'),
(403, 'PANKAJ ARORA'),
(404, 'PANKAJ KUMAR SHARMA'),
(405, 'PARAMITA DUTTA'),
(406, 'PARITOSH SHUKLA'),
(407, 'PAUL MATHEW'),
(408, 'PAWAN KAMALKISHOR AJMERA'),
(409, 'POONAM GOYAL'),
(410, 'PRABHAT NATH JHA'),
(411, 'PRADIPKUMAR HARIBHAU KESKAR'),
(412, 'PRADIPTA CHATTOPADHYAY'),
(413, 'PRASHANT UDAY MANOHAR'),
(414, 'PRATEEK KALA'),
(415, 'PRAVEEN GOYAL'),
(416, 'PRAVEEN KUMAR A.V.'),
(417, 'PRIYA CHRISTINA SANDE'),
(418, 'PS DEAN'),
(419, 'PUNEET MISHRA'),
(420, 'Palak Sangal(RS)'),
(421, 'Pankaj Arora'),
(422, 'Pankaj Kumar Sharma'),
(423, 'Paramita Dutta'),
(424, 'Paramita Saha(RS)'),
(425, 'Paritosh Shukla'),
(426, 'Partha Sarathi Addy'),
(427, 'Parveen(RS)'),
(428, 'Patil Deshbhushan Savindra(RS)'),
(429, 'Paul Mathew'),
(430, 'Pavitra Sharma(RS)'),
(431, 'Pawan Kamalkishor Ajmera'),
(432, 'Pawar Shrikant Shankarrao(RS)'),
(433, 'Pediredla Praveen Kumar(RS)'),
(434, 'Poonam Poonia(RS)'),
(435, 'Prabhat Nath Jha'),
(436, 'Prabhu Karishma GopalakrishnaSuprabha(RS)'),
(437, 'Prachi Sharma(RS)'),
(438, 'Pradipkumar Haribhau Keskar'),
(439, 'Pradnya Anand Chabbi(RS)'),
(440, 'Pragya(RS)'),
(441, 'Prakash Navnath Swami(RS)'),
(442, 'Prakriti Saraf(RS)'),
(443, 'Pranay Bhardwaj(RS)'),
(444, 'Prashant Uday Manohar'),
(445, 'Prateek Kala'),
(446, 'Pratibha Sinha(RS)'),
(447, 'Pratik Narang'),
(448, 'Praveen Goyal'),
(449, 'Prayag Kedar Shridhar(RS)'),
(450, 'Preeti Sharma(RS)'),
(451, 'Premsai Regalla(RS)'),
(452, 'Priya Christina Sande'),
(453, 'Priyanka Kumari Prasad'),
(454, 'Priyanka Roy(RS)'),
(455, 'Propanna Bandyopadhyay(RS)'),
(456, 'Pulleti Siva Sankar(RS)'),
(457, 'Puneet Mishra'),
(458, 'Punit Khatri(RS)'),
(459, 'Punita Raj(RS)'),
(460, 'R MAHESH'),
(461, 'R Mahesh'),
(462, 'RADHA RAMAN MISHRA'),
(463, 'RAHUL ARORA'),
(464, 'RAHUL KUMAR'),
(465, 'RAHUL SINGHAL'),
(466, 'RAJ KUMAR GUPTA'),
(467, 'RAJAN PANDEY'),
(468, 'RAJDEEP CHOWDHURY'),
(469, 'RAJEEV SAKHUJA'),
(470, 'RAJEEV TALIYAN'),
(471, 'RAJESH KUMAR'),
(472, 'RAJESH MATAI'),
(473, 'RAJESH PRASAD MISHRA'),
(474, 'RAJIV GUPTA'),
(475, 'RAJNEESH CHOUBISA'),
(476, 'RAKESH CHOUBISA'),
(477, 'RAKHEE'),
(478, 'RALLAPALLI SRINIVAS'),
(479, 'RAM KINKAR ROY'),
(480, 'RASHMI RANJAN MISHRA'),
(481, 'RAVI KANT MITTAL'),
(482, 'RICHA SHRIVASTAVA'),
(483, 'RITA SHARMA'),
(484, 'Radha Bhardwaj(RS)'),
(485, 'Radha Raman Mishra'),
(486, 'Rahul Arora'),
(487, 'Rahul Kumar'),
(488, 'Rahul Ukey(RS)'),
(489, 'Raichure Pramod Chandrakant(RS)'),
(490, 'Raj Kumar Gupta'),
(491, 'Rajan Pandey'),
(492, 'Rajdeep Chowdhury'),
(493, 'Rajeev Sakhuja'),
(494, 'Rajeev Taliyan'),
(495, 'Rajesh Kumar'),
(496, 'Rajesh Prasad Mishra'),
(497, 'Rajitha M(RS)'),
(498, 'Rajiv Kumar'),
(499, 'Rajneesh Kumar'),
(500, 'Rakesh  Kumar V G(RS)'),
(501, 'Rakesh Choubisa'),
(502, 'Rakhee'),
(503, 'Ram Kinkar Roy'),
(504, 'Rambabu Rajpoot(RS)'),
(505, 'Ramesh Kumar(RS)'),
(506, 'Rashmi Ranjan Mishra'),
(507, 'Ravi Kant Mittal'),
(508, 'Ravi Kant(RS)'),
(509, 'Raya Raghavendra Kumar(RS)'),
(510, 'Reena(RS)'),
(511, 'Renu Kotwal(RS)'),
(512, 'Richa Shrivastava'),
(513, 'Rishu Gandhi(RS)'),
(514, 'Rita Sharma'),
(515, 'Ritika Bhatia (nee Ritika Khanna)(RS)'),
(516, 'Riya Jain(RS)'),
(517, 'Rubal Sagwal(RS)'),
(518, 'Ruchika Sharma(RS)'),
(519, 'Rupam Nandan(RS)'),
(520, 'Rupesh Sanjaykumar Jain(RS)'),
(521, 'S C SIVASUBRAMANIAN'),
(522, 'S C Sivasubramanian'),
(523, 'S MURUGESAN'),
(524, 'S Murugesan'),
(525, 'S.ramakrishnan(RS)'),
(526, 'SACHIN ULHASRAO BELGAMWAR'),
(527, 'SAI SESHA CHALAPATHI GATTUPALLI'),
(528, 'SAILAJA NANDIGAMA'),
(529, 'SAINATH BITRAGUNTA'),
(530, 'SAKET VERMA'),
(531, 'SANDEEP JOSHI'),
(532, 'SANDEEP SUNDRIYAL'),
(533, 'SANDHYA AMOL MARATHE'),
(534, 'SANDIPAN DUTTA'),
(535, 'SANGEETA SHARMA'),
(536, 'SANGITA YADAV'),
(537, 'SANJAY KUMAR VERMA'),
(538, 'SANJIV KUMAR CHOUDHARY'),
(539, 'SARAH ABRAHAM'),
(540, 'SATYENDRA KR SHARMA'),
(541, 'SATYENDRA KUMAR MOURYA'),
(542, 'SAUMI RAY'),
(543, 'SAURABH CHADHA'),
(544, 'SAYANTAN CHAKRABORTY'),
(545, 'SHAILI SINGH'),
(546, 'SHAMIK CHAKRABARTI'),
(547, 'SHAMSHER BAHADUR SINGH'),
(548, 'SHARAD SHRIVASTAVA'),
(549, 'SHASHANK B S'),
(550, 'SHETH PRATIK NITINCHANDRA'),
(551, 'SHIBANI KHANRA JHA'),
(552, 'SHIBASISH CHOWDHURY'),
(553, 'SHILPI GARG'),
(554, 'SHIVI AGARWAL'),
(555, 'SHUVENDU NARAYAN PATEL'),
(556, 'SHYAM SUNDER YADAV'),
(557, 'SMITA RAGHUVANSHI'),
(558, 'SOMAK CHATTERJEE'),
(559, 'SRIJATA DEY'),
(560, 'SRIKANTA ROUTROY'),
(561, 'SRINIVAS APPARI'),
(562, 'SUBHASIS PRADHAN'),
(563, 'SUDEEPT MOHAN'),
(564, 'SUDESHNA MUKHERJEE'),
(565, 'SUMANTA PASARI'),
(566, 'SUNITA RAINA'),
(567, 'SURESH GUPTA'),
(568, 'SUSHILA RATHORE'),
(569, 'SYAMANTAK MAJUMDER'),
(570, 'SYED MOHAMMAD ZAFARUDDIN'),
(571, 'Sachin Ulhasrao Belgamwar'),
(572, 'Sai Sesha Chalapathi Gattupalli'),
(573, 'Sajan(RS)'),
(574, 'Saket Verma'),
(575, 'Sakshi Yadav(RS)'),
(576, 'Sakshi(RS)'),
(577, 'Salunkhe Shubham Arun(RS)'),
(578, 'Samatha Benedict'),
(579, 'Sambhavi Shukla(RS)'),
(580, 'Samiksha Agrawal(RS)'),
(581, 'Sampreeti Tahbildar(RS)'),
(582, 'Samrat Mazumdar(RS)'),
(583, 'Sandeep Joshi'),
(584, 'Sandeep Sundriyal'),
(585, 'Sandhya Amol Marathe'),
(586, 'Sandipan Dutta'),
(587, 'Sangeeta Sharma'),
(588, 'Sangita Yadav'),
(589, 'Sanjiv Kumar Bariwal(RS)'),
(590, 'Sanjiv Kumar Choudhary'),
(591, 'Sankalp Paliwal(RS)'),
(592, 'Sankrityayan Himanshu(RS)'),
(593, 'Santhosh Kumar Pamula'),
(594, 'Santosh Kumar Saini(RS)'),
(595, 'Santosh Kumar Saraswat(RS)'),
(596, 'Sarathlal K C(RS)'),
(597, 'Sarbani Ghosh'),
(598, 'Satpal Singh(RS)'),
(599, 'Satyendra Kumar Mourya'),
(600, 'Saumi Ray'),
(601, 'Saurabh Chadha'),
(602, 'Saurabh Singh(RS)'),
(603, 'Sayantan Chakraborty'),
(604, 'Sayantani Chatterjee(RS)'),
(605, 'Sayyida Beegam K(RS)'),
(606, 'Shah Pallav Dhanendrakumar(RS)'),
(607, 'Shail Saharan(RS)'),
(608, 'Shailender Singh(RS)'),
(609, 'Shailendra Pawanr(RS)'),
(610, 'Shailendra Tripathi(RS)'),
(611, 'Shailesh Mani Tripathi(RS)'),
(612, 'Shaili Singh'),
(613, 'Shaina Gandhi(RS)'),
(614, 'Shamik Chakrabarti'),
(615, 'Sharad Shrivastava'),
(616, 'Sharda Tripathi'),
(617, 'Sharma Swati Shivdayal(RS)'),
(618, 'Sharyu Kesharwani(RS)'),
(619, 'Shashank B S'),
(620, 'Shashank Gupta'),
(621, 'Shedge Hrishikesh Nandkumar(RS)'),
(622, 'Shelke Vishwadeep Madhukar(RS)'),
(623, 'Shibani Khanra Jha'),
(624, 'Shibasish Chowdhury'),
(625, 'Shikha Thakur(RS)'),
(626, 'Shilpa(RS)'),
(627, 'Shilpi Garg'),
(628, 'Shishir Maheshwari'),
(629, 'Shital Patil(RS)'),
(630, 'Shivani Bharatkumar Thakkar(RS)'),
(631, 'Shivanshu Bajaj(RS)'),
(632, 'Shivaraja S. J.(RS)'),
(633, 'Shivi Agarwal'),
(634, 'Shobha Kumari(RS)'),
(635, 'Shradha Bhatnagar(RS)'),
(636, 'Shreeram Hudda(RS)'),
(637, 'Shreya Bhatnagar(RS)'),
(638, 'Shreya Das(RS)'),
(639, 'Shreyas M Iyer(RS)'),
(640, 'Shreyas Pranav(RS)'),
(641, 'Shrikant Sitaram Kirwale(RS)'),
(642, 'Shrishti Sharma(RS)'),
(643, 'Shruti Majumdar(RS)'),
(644, 'Shubham Yadav(RS)'),
(645, 'Shuvendu Narayan Patel'),
(646, 'Shyam Sunder Yadav'),
(647, 'Sisir Kumar Yadav(RS)'),
(648, 'Smita Dey(RS)'),
(649, 'Soham Chatterjee(RS)'),
(650, 'Somesh Krishna Thanvi(RS)'),
(651, 'Sonakshi Puri(RS)'),
(652, 'Sonali Kaushik(RS)'),
(653, 'Sonika(RS)'),
(654, 'Sonu Saini(RS)'),
(655, 'Soumana Joarder(RS)'),
(656, 'Soumya Kar(RS)'),
(657, 'Sourav Kumar Sasmal'),
(658, 'Sowrabh Kugunavar(RS)'),
(659, 'Sri Aurobindo Panda(RS)'),
(660, 'Srijata Dey'),
(661, 'Srikanta Routroy'),
(662, 'Srinidhi. S(RS)'),
(663, 'Srinivas Appari'),
(664, 'Srishti Gyaneshware Khare(RS)'),
(665, 'Stuti Chug(RS)'),
(666, 'Subhashis Gangopadhyay'),
(667, 'Subhasis Pradhan'),
(668, 'Sudeept Mohan'),
(669, 'Sudeshna Mukherjee'),
(670, 'Sugandha(RS)'),
(671, 'Sukriti Gujarati(RS)'),
(672, 'Sumanta Pasari'),
(673, 'Sumit Kumar Agrawal(RS)'),
(674, 'Sumitra(RS)'),
(675, 'Sumukh Thakar(RS)'),
(676, 'Sundaresan Raman'),
(677, 'Supriya(RS)'),
(678, 'Suraj Baloda(RS)'),
(679, 'Surekha Bhanot'),
(680, 'Suresh Gupta'),
(681, 'Surojit Pande'),
(682, 'Sushil(RS)'),
(683, 'Sushma Naharwal(RS)'),
(684, 'Suvanjan Bhattacharyya'),
(685, 'Suveg V Iyer(RS)'),
(686, 'Swagata Ghosh(RS)'),
(687, 'Swarnima Kushwaha(RS)'),
(688, 'Swati Goyal(RS)'),
(689, 'Syamahari Das'),
(690, 'Syamantak Majumder'),
(691, 'Syed Mohammad Zafaruddin'),
(692, 'Syed Sameen Ahmad Rizvi(RS)'),
(693, 'T Lachana Dora(RS)'),
(694, 'TANMAY MAHAPATRA'),
(695, 'TANU SHUKLA'),
(696, 'TAPOMOY GUHA SARKAR'),
(697, 'TIRUMALSETY REVENDRANATH'),
(698, 'TO BE ANNOUNCED BY CIVIL DEPT'),
(699, 'TRIBENI ROY'),
(700, 'TRILOK MATHUR'),
(701, 'TUFAN CHANDRA BERA'),
(702, 'Tanmay Banerjee'),
(703, 'Tanvidkar Priya ShreedattaShraddha(RS)'),
(704, 'Tapomoy Guha Sarkar'),
(705, 'Taur Prakash Pandurang(RS)'),
(706, 'Tirumalsety Revendranath'),
(707, 'To Be Announced By Econ. & Fin Dept'),
(708, 'To Be Announced By Eee Dept'),
(709, 'To Be Announced By Hss Dept'),
(710, 'To Be Announced By Mechanical Dept'),
(711, 'Trilok Mathur'),
(712, 'Tulsi Ram Sharma'),
(713, 'UDAYAN CHANDA'),
(714, 'UMA S DUBEY'),
(715, 'Udayan Chanda'),
(716, 'Umesh Khanduri(RS)'),
(717, 'Upendra Singh(RS)'),
(718, 'V K CHAUBEY'),
(719, 'V MANJULADEVI'),
(720, 'V Manjuladevi'),
(721, 'V Mounika Prashanthi(RS)'),
(722, 'VANDANA AGARWAL'),
(723, 'VEENA R'),
(724, 'VENKATESH KADBUR PRABHAKARRAO'),
(725, 'VIJAY KAKADE'),
(726, 'VINAY CHAMOLA'),
(727, 'VINTI AGARWAL'),
(728, 'VIRENDRA SINGH NIRBAN'),
(729, 'VIRENDRA SINGH SHEKHAWAT'),
(730, 'VISHAL GUPTA'),
(731, 'VISHAL SAXENA'),
(732, 'Vaidya Rishikesh D'),
(733, 'Vandana Agarwal'),
(734, 'Varun Jain(RS)'),
(735, 'Vijay Kumari(RS)'),
(736, 'Vimal Chauhan(RS)'),
(737, 'Vinti Agarwal'),
(738, 'Violina Kakoty(RS)'),
(739, 'Virendra Singh Nirban'),
(740, 'Virosh Singh Baghel(RS)'),
(741, 'Vishakha(RS)'),
(742, 'Vishal Gupta'),
(743, 'Vishal Kumar(RS)'),
(744, 'Vishal Saxena'),
(745, 'Vishal Singh(RS)'),
(746, 'Vishalakshi Bhanot(RS)'),
(747, 'Vishwjeet Choudhary(RS)'),
(748, 'Vivek Tiwari(RS)'),
(749, 'Waghule Tejashree Vilas Archana(RS)'),
(750, 'YASHVARDHAN SHARMA'),
(751, 'YENUGANTI SUJAN'),
(752, 'Yashvardhan Sharma'),
(753, 'Yemineni Ashok(RS)'),
(754, 'Yenuganti Sujan'),
(755, 'Yeola Kalyani Rajendra(RS)'),
(756, 'Ziyaur Rahman(RS)');


insert  into `Instructors`(`comcod`,`section`,`profId`) values
(1001, 'P1B', 130),
(1001, 'P1B', 391),
(1001, 'P1N', 651),
(1001, 'P2N', 602),
(1001, 'P3N', 604),
(1001, 'P4N', 675),
(1001, 'P5N', 94),
(1001, 'P6N', 52),
(1001, 'P7N', 455),
(1001, 'P8N', 234),
(1001, 'P9N', 675),
(1001, 'P10N', 94),
(1001, 'P11N', 533),
(1001, 'P11N', 604),
(1001, 'P12N', 247),
(1001, 'P13N', 347),
(1001, 'P13N', 187),
(1001, 'P14N', 243),
(1001, 'P15N', 454),
(1001, 'P16N', 651),
(1001, 'P17N', 602),
(1001, 'P18N', 140),
(1001, 'P18N', 307),
(1001, 'P19N', 130),
(1001, 'P20N', 243),
(1001, 'P21N', 454),
(1001, 'P22N', 234),
(1002, 'L1B', 130),
(1002, 'L2N', 468),
(1002, 'L2N', 358),
(1002, 'L2N', 690),
(1002, 'L3N', 492),
(1002, 'L3N', 358),
(1002, 'L3N', 690),
(1002, 'T1B', 130),
(1002, 'T2N', 140),
(1002, 'T3N', 746),
(1002, 'T4N', 114),
(1002, 'T5N', 112),
(1002, 'T6N', 45),
(1002, 'T7N', 397),
(1002, 'T8N', 358),
(1002, 'T8N', 525),
(1002, 'T9N', 435),
(1002, 'T9N', 166),
(1002, 'T10N', 639),
(1002, 'T11N', 514),
(1002, 'T11N', 213),
(1002, 'T12N', 130),
(1002, 'T13N', 580),
(1112, 'L1', 321),
(1112, 'T1', 347),
(1114, 'L1', 410),
(1114, 'L1', 585),
(1114, 'P1', 671),
(1114, 'P1', 308),
(1114, 'P1', 420),
(1114, 'P1', 637),
(1114, 'P2', 204),
(1114, 'P2', 308),
(1114, 'P2', 420),
(1114, 'P2', 581),
(1114, 'P2', 296),
(1113, 'L1', 553),
(1113, 'L1', 140),
(1113, 'T1', 627),
(1113, 'T1', 140),
(1115, 'L1', 404),
(1115, 'T1', 422),
(1430, 'L1', 552),
(1430, 'T1', 624),
(1651, 'L1', 399),
(1427, 'L1', 483),
(1427, 'L1', 113),
(1427, 'T1', 514),
(1428, 'L1', 266),
(1428, 'T1', 278),
(1429, 'L1', 569),
(1429, 'L1', 627),
(1429, 'T1', 690),
(1429, 'T1', 627),
(1431, 'L1', 321),
(1431, 'T1', 347),
(1650, 'L1', 399),
(1736, 'L1', 399),
(1685, 'L1', 399),
(1752, 'L1', 399),
(1433, 'L1', 552),
(1434, 'L1N', 326),
(1434, 'P1N', 358),
(1434, 'P1N', 585),
(1434, 'P1N', 92),
(1434, 'P1N', 687),
(1434, 'P1N', 648),
(1434, 'P1N', 635),
(1436, 'L1', 399),
(1436, 'L1', 422),
(1710, 'L1', 399),
(71, 'L1N', 537),
(71, 'L1N', 347),
(388, 'L1', 537),
(388, 'L1', 680),
(392, 'L1', 31),
(111, 'L1', 468),
(2009, 'L1', 410),
(2009, 'L1', 744),
(2009, 'L1', 352),
(2008, 'L1N', 714),
(2008, 'L1N', 669),
(2008, 'P1N', 352),
(2008, 'P1N', 38),
(2008, 'P1N', 335),
(2008, 'P1N', 303),
(192, 'L1', 564),
(2015, 'L1', 553),
(2015, 'L1', 624),
(151, 'L1N', 731),
(1887, 'L1', 552),
(2016, 'L1', 564),
(1375, 'L1', 714),
(1375, 'L1', 400),
(549, 'L1', 266),
(596, 'L1', 266),
(520, 'L1', 266),
(553, 'L1', 266),
(857, 'L1', 266),
(1003, 'L1B', 544),
(1003, 'L2N', 603),
(1003, 'L3N', 225),
(1003, 'P1B', 359),
(1003, 'P1B', 640),
(1003, 'P2N', 610),
(1003, 'P2N', 224),
(1003, 'P3N', 432),
(1003, 'P3N', 629),
(1003, 'P4N', 619),
(1003, 'P4N', 192),
(1003, 'P5N', 734),
(1003, 'P5N', 745),
(1003, 'P6N', 621),
(1003, 'P6N', 83),
(1003, 'P7N', 359),
(1003, 'P7N', 640),
(1003, 'P8N', 271),
(1003, 'P8N', 165),
(1003, 'P9N', 170),
(1003, 'P9N', 456),
(1004, 'L1B', 156),
(1004, 'L2N', 343),
(1004, 'L3N', 66),
(1004, 'L4N', 36),
(1004, 'T1B', 157),
(1004, 'T2N', 66),
(1004, 'T3N', 104),
(1004, 'T5N', 684),
(1004, 'T6N', 452),
(1004, 'T7N', 157),
(1004, 'T8N', 2),
(1004, 'T10N', 66),
(1004, 'T11N', 332),
(1004, 'T12N', 614),
(1004, 'T14N', 57),
(1004, 'T15N', 646),
(1004, 'T16N', 2),
(1004, 'T17N', 104),
(1004, 'T18N', 332),
(1004, 'T19N', 157),
(1004, 'T20N', 684),
(1004, 'T21N', 681),
(1004, 'T22N', 748),
(1004, 'T23N', 452),
(1005, 'L1B', 160),
(1005, 'L2N', 590),
(1005, 'L3N', 429),
(1005, 'L4N', 306),
(1005, 'L4N', 44),
(1005, 'L4N', 497),
(1005, 'L4N', 686),
(1005, 'L4N', 275),
(1005, 'L4N', 161),
(1005, 'L4N', 380),
(1005, 'L4N', 299),
(1005, 'L4N', 228),
(1005, 'L5N', 198),
(1005, 'L6N', 167),
(1005, 'L7N', 587),
(1858, 'L1N', 536),
(1858, 'T1N', 588),
(1892, 'L1', 566),
(1892, 'L1', 677),
(1861, 'L1', 32),
(1861, 'T1', 119),
(1862, 'L1', 264),
(1862, 'T1', 276),
(1862, 'P1', 617),
(1862, 'P1', 449),
(1862, 'P1', 148),
(1862, 'P2', 617),
(1862, 'P2', 449),
(1862, 'P2', 148),
(1632, 'L1', 331),
(1632, 'L1', 597),
(1632, 'L1', 514),
(1632, 'L1', 143),
(1632, 'L1', 709),
(1334, 'L1', 138),
(1334, 'L1', 679),
(1335, 'L1', 554),
(1336, 'L1', 325),
(1791, 'L1', 567),
(1512, 'L1', 313),
(1512, 'L1', 124),
(1592, 'L1', 418),
(1615, 'L1', 418),
(1248, 'L1', 526),
(1770, 'L1', 724),
(1770, 'L1', 690),
(1593, 'L1', 567),
(1616, 'L1', 567),
(1617, 'L1', 567),
(1619, 'L1', 567),
(2317, 'L1', 367),
(1806, 'L1N', 701),
(2318, 'L1', 540),
(2001, 'L1', 160),
(2001, 'L1', 380),
(2433, 'L1', 35),
(2433, 'L1', 668),
(1796, 'L1', 317),
(1339, 'L1', 364),
(1339, 'L2M', 378),
(1339, 'P1', 665),
(1339, 'P2', 665),
(1379, 'L1', 460),
(1797, 'L1', 545),
(1641, 'L1', 268),
(1852, 'L1', 472),
(1804, 'L1', 478),
(1804, 'L1', 664),
(499, 'L1', 266),
(547, 'L1', 266),
(547, 'L2', 278),
(754, 'L1', 266),
(755, 'L1', 266),
(2003, 'L1', 266),
(9, 'L1', 527),
(559, 'L1', 418),
(575, 'L1', 266),
(2164, 'L1', 266),
(2165, 'L1', 266),
(756, 'L1', 266),
(809, 'L1', 418),
(757, 'L1', 266),
(757, 'L2', 278),
(2167, 'L1', 266),
(1073, 'L1', 178),
(1073, 'T1', 202),
(1073, 'T2', 61),
(1075, 'L1', 555),
(1075, 'T1', 645),
(1075, 'T2', 183),
(1075, 'T2', 428),
(1075, 'P1', 61),
(1075, 'P1', 428),
(1075, 'P2', 183),
(1075, 'P2', 500),
(2279, 'L1', 327),
(2279, 'T1', 359),
(2279, 'T2', 78),
(2279, 'P1', 78),
(2279, 'P1', 341),
(2279, 'P2', 100),
(2279, 'P2', 640),
(2280, 'L1', 544),
(2280, 'T1', 603),
(2280, 'T1', 509),
(2280, 'T2', 656),
(1652, 'L1', 23),
(1196, 'L1', 551),
(1196, 'T1', 623),
(1196, 'T2', 212),
(1196, 'P1', 212),
(1196, 'P1', 519),
(1196, 'P2', 290),
(1196, 'P2', 89),
(1197, 'L1', 481),
(1197, 'T1', 507),
(1197, 'T2', 290),
(2281, 'L1', 21),
(2281, 'T1', 98),
(2281, 'T2', 500),
(2281, 'T2', 90),
(2282, 'L1', 478),
(1215, 'L1', 23),
(1215, 'L1', 664),
(2304, 'L1', 368),
(1667, 'L1', 23),
(1737, 'L1', 23),
(1686, 'L1', 23),
(1753, 'L1', 23),
(1231, 'L1', 474),
(1221, 'L1', 549),
(1228, 'L1', 474),
(1228, 'L1', 63),
(1234, 'L1', 471),
(1711, 'L1', 23),
(433, 'L1N', 478),
(325, 'L1N', 562),
(325, 'L1N', 345),
(950, 'L1N', 9),
(950, 'L1N', 89),
(278, 'L1N', 331),
(304, 'L1N', 539),
(931, 'L1N', 331),
(931, 'L2', 362),
(2024, 'L1', 725),
(880, 'L1N', 318),
(880, 'L1N', 667),
(526, 'L1N', 471),
(2337, 'L1N', 181),
(2339, 'L1N', 725),
(2340, 'L1N', 181),
(2341, 'L1', 725),
(2346, 'L1', 539),
(345, 'L1', 547),
(613, 'L1', 316),
(346, 'L1', 316),
(343, 'L1N', 547),
(326, 'L1N', 555),
(2119, 'L1', 481),
(1069, 'L1', 133),
(1069, 'T1', 663),
(1069, 'T2', 199),
(1072, 'L1', 550),
(1072, 'T1', 597),
(1072, 'T2', 146),
(1071, 'L1', 8),
(1071, 'T1', 54),
(1071, 'T2', 703),
(1070, 'L1', 412),
(1070, 'T1', 81),
(1070, 'T2', 258),
(1653, 'L1', 133),
(1184, 'L1', 561),
(1184, 'T1', 663),
(1184, 'T2', 244),
(1185, 'P1', 412),
(1185, 'P2', 597),
(1186, 'L1', 134),
(1186, 'T1', 143),
(1186, 'T2', 280),
(1187, 'L1', 567),
(1187, 'T1', 46),
(1187, 'T2', 80),
(1187, 'T3', 80),
(1190, 'L1', 412),
(1668, 'L1', 133),
(1738, 'L1', 133),
(1687, 'L1', 133),
(1754, 'L1', 133),
(1206, 'L1', 208),
(1201, 'L1', 558),
(1205, 'L1', 557),
(2178, 'L1', 417),
(2305, 'L1', 558),
(1209, 'L1', 133),
(279, 'L1N', 557),
(2002, 'L1N', 550),
(2152, 'L1N', 236),
(2032, 'L1N', 29),
(1006, 'P1B', 151),
(1006, 'P1B', 442),
(1006, 'P2N', 76),
(1006, 'P2N', 437),
(1006, 'P2N', 342),
(1006, 'P3N', 702),
(1006, 'P3N', 489),
(1006, 'P3N', 576),
(1006, 'P4N', 144),
(1006, 'P4N', 673),
(1006, 'P4N', 440),
(1006, 'P4N', 683),
(1006, 'P5N', 126),
(1006, 'P5N', 371),
(1006, 'P5N', 630),
(1006, 'P6N', 205),
(1006, 'P6N', 384),
(1006, 'P6N', 96),
(1006, 'P6N', 255),
(1006, 'P7N', 413),
(1006, 'P7N', 147),
(1006, 'P7N', 375),
(1006, 'P8N', 333),
(1006, 'P8N', 55),
(1006, 'P8N', 392),
(1006, 'P9N', 426),
(1006, 'P9N', 653),
(1006, 'P9N', 436),
(1006, 'P9N', 372),
(1006, 'P10N', 705),
(1006, 'P10N', 392),
(1006, 'P10N', 653),
(1006, 'P11N', 205),
(1006, 'P11N', 436),
(1006, 'P11N', 655),
(1006, 'P11N', 375),
(1006, 'P12N', 339),
(1006, 'P12N', 442),
(1006, 'P12N', 372),
(1006, 'P12N', 437),
(1006, 'P13N', 440),
(1006, 'P13N', 147),
(1006, 'P13N', 102),
(1006, 'P14N', 384),
(1006, 'P14N', 371),
(1006, 'P14N', 683),
(1006, 'P15N', 444),
(1006, 'P15N', 342),
(1006, 'P15N', 37),
(1006, 'P16N', 145),
(1006, 'P16N', 55),
(1006, 'P16N', 255),
(1006, 'P17N', 354),
(1006, 'P17N', 144),
(1006, 'P17N', 441),
(1006, 'P18N', 702),
(1006, 'P18N', 655),
(1006, 'P18N', 37),
(1006, 'P19N', 339),
(1006, 'P19N', 55),
(1006, 'P19N', 630),
(1006, 'P20N', 705),
(1006, 'P20N', 489),
(1006, 'P20N', 102),
(1006, 'P20N', 55),
(1006, 'P21N', 182),
(1006, 'P21N', 441),
(1006, 'P21N', 576),
(1006, 'P22N', 145),
(1006, 'P22N', 673),
(1006, 'P22N', 126),
(1006, 'P23N', 257),
(1006, 'P23N', 384),
(1006, 'P23N', 96),
(1007, 'L1N', 7),
(1007, 'L1N', 493),
(1007, 'L1N', 425),
(1007, 'L2N', 53),
(1007, 'L2N', 493),
(1007, 'L2N', 425),
(1007, 'T1N', 333),
(1007, 'T2N', 681),
(1007, 'T3N', 702),
(1007, 'T4N', 182),
(1007, 'T5N', 333),
(1007, 'T6N', 426),
(1007, 'T7N', 53),
(1007, 'T8N', 425),
(1007, 'T9N', 182),
(1007, 'T10N', 79),
(1116, 'L1', 413),
(1116, 'T1', 444),
(1117, 'L1', 469),
(1117, 'T1', 493),
(1118, 'L1', 546),
(1118, 'T1', 614),
(1119, 'L1', 542),
(1119, 'T1', 600),
(1654, 'L1', 479),
(1559, 'L1', 253),
(1559, 'T1', 257),
(1560, 'L1', 521),
(1560, 'T1', 522),
(1558, 'L1', 252),
(1558, 'T1', 256),
(1558, 'P1', 256),
(1558, 'P1', 600),
(1558, 'P1', 503),
(1558, 'P1', 681),
(1558, 'P1', 453),
(1558, 'P1', 741),
(1558, 'P1', 235),
(1558, 'P1', 51),
(1558, 'P1', 387),
(1558, 'P1', 373),
(1558, 'P1', 201),
(1558, 'P1', 338),
(1570, 'L1', 135),
(1577, 'L1', 323),
(1583, 'L1', 314),
(1585, 'L1', 406),
(1587, 'L1', 136),
(1669, 'L1', 479),
(1739, 'L1', 479),
(1688, 'L1', 479),
(1755, 'L1', 479),
(1574, 'L1', 521),
(1713, 'L1', 479),
(736, 'L1', 16),
(937, 'L1', 479),
(1008, 'L1B', 12),
(1008, 'L2N', 269),
(1008, 'L2N', 309),
(1008, 'L3N', 71),
(1008, 'L3N', 447),
(1008, 'P1B', 576),
(1008, 'P2N', 395),
(1008, 'P3N', 433),
(1008, 'P4N', 91),
(1008, 'P5N', 47),
(1008, 'P6N', 381),
(1008, 'P7N', 735),
(1008, 'P8N', 735),
(1008, 'P9N', 395),
(1008, 'P10N', 433),
(1008, 'P11N', 91),
(1008, 'P12N', 47),
(1008, 'P13N', 381),
(1092, 'L1', 10),
(1092, 'L1', 71),
(1092, 'P1', 120),
(1092, 'P2', 120),
(1092, 'P3', 226),
(1092, 'P4', 226),
(1092, 'P5', 607),
(1092, 'P6', 607),
(1090, 'L1', 260),
(1090, 'L1', 495),
(1090, 'T1', 269),
(1090, 'T2', 398),
(1090, 'T3', 398),
(1090, 'T4', 508),
(1090, 'T5', 508),
(1093, 'L1', 408),
(1093, 'L2', 572),
(1093, 'T1', 49),
(1093, 'T2', 197),
(1093, 'T3', 431),
(1093, 'T4', 394),
(1093, 'T5', 628),
(1093, 'T6', 583),
(1093, 'T7', 95),
(1093, 'T8', 105),
(1093, 'P1', 579),
(1093, 'P1', 484),
(1093, 'P2', 110),
(1093, 'P2', 434),
(1093, 'P3', 458),
(1093, 'P3', 605),
(1093, 'P4', 155),
(1093, 'P4', 149),
(1093, 'P5', 110),
(1093, 'P5', 93),
(1093, 'P6', 579),
(1093, 'P6', 484),
(1093, 'P7', 458),
(1093, 'P7', 708),
(1091, 'L1', 33),
(1091, 'L1', 676),
(1091, 'T1', 121),
(1091, 'T2', 676),
(1091, 'T3', 272),
(1091, 'T4', 272),
(1091, 'T5', 88),
(1091, 'T6', 88),
(1655, 'L1', 563),
(1316, 'L1', 722),
(1316, 'L1', 65),
(1316, 'T1', 65),
(1316, 'T2', 733),
(1316, 'T3', 692),
(1316, 'T4', 692),
(2266, 'L1', 364),
(2266, 'L2M', 378),
(2266, 'P1', 129),
(2266, 'P2', 129),
(1317, 'L1', 563),
(1317, 'L2', 270),
(1317, 'P1', 259),
(1317, 'P2', 294),
(1317, 'P3', 717),
(1317, 'P4', 259),
(1317, 'P5', 294),
(1317, 'P6', 717),
(1314, 'L1', 730),
(1314, 'L1', 620),
(1314, 'T1', 737),
(1314, 'T2', 737),
(1314, 'T3', 125),
(1314, 'T4', 125),
(1314, 'T5', 620),
(1670, 'L1', 563),
(1740, 'L1', 563),
(1315, 'L1', 261),
(1315, 'T1', 517),
(1315, 'T2', 48),
(1315, 'T3', 48),
(1315, 'T4', 753),
(1315, 'T5', 753),
(1689, 'L1', 563),
(1756, 'L1', 563),
(1333, 'L1', 730),
(1333, 'L2M', 742),
(1322, 'L1N', 409),
(1322, 'P1N', 106),
(1322, 'P2N', 106),
(2440, 'L1', 281),
(2440, 'L1', 752),
(2441, 'L1', 727),
(2441, 'P1', 50),
(2432, 'L1', 286),
(1714, 'L1', 563),
(2450, 'L1', 33),
(2450, 'P1', 636),
(2451, 'L1', 409),
(2004, 'L1N', 729),
(2005, 'L1N', 5),
(2108, 'L1', 238),
(918, 'L1N', 282),
(782, 'L1N', 35),
(445, 'L1', 28),
(436, 'L1', 329),
(362, 'L1', 287),
(678, 'L1', 724),
(625, 'L1N', 548),
(1023, 'L1', 27),
(1023, 'L1', 139),
(1023, 'T1', 107),
(1023, 'T1', 139),
(1120, 'L1', 491),
(1120, 'L2', 285),
(1120, 'L3M', 491),
(1120, 'T1', 491),
(1120, 'T2', 304),
(1121, 'L1', 463),
(1121, 'T1', 486),
(1145, 'L1', 131),
(1145, 'T1', 139),
(1656, 'L1', 27),
(1446, 'L1', 219),
(1446, 'T1', 227),
(1447, 'L1', 27),
(1447, 'L2M', 107),
(1447, 'T1', 107),
(1448, 'L1', 330),
(1448, 'T1', 361),
(1773, 'L1', 463),
(1565, 'L1', 467),
(1565, 'L1', 185),
(1547, 'L1', 543),
(1547, 'L1', 515),
(1547, 'L2M', 601),
(1547, 'L2M', 515),
(1684, 'L1', 27),
(1741, 'L1', 27),
(1690, 'L1', 27),
(1757, 'L1', 27),
(1566, 'L1', 30),
(1552, 'L1', 268),
(1553, 'L1', 545),
(1925, 'L1', 330),
(1875, 'L1', 6),
(1568, 'L1', 219),
(1726, 'L1', 27),
(1009, 'L1B', 242),
(1009, 'L1N', 200),
(1009, 'L2N', 499),
(1009, 'L3N', 43),
(1009, 'T1B', 251),
(1009, 'T1N', 583),
(1009, 'T2N', 246),
(1009, 'T3N', 295),
(1009, 'T4N', 457),
(1009, 'T5N', 153),
(1009, 'T6N', 431),
(1009, 'T7N', 49),
(1009, 'T8N', 754),
(1009, 'T9N', 251),
(1009, 'T10N', 95),
(1077, 'L1', 237),
(1077, 'L2', 118),
(1077, 'T1', 49),
(1077, 'T2', 200),
(1077, 'T3', 245),
(1077, 'T4', 118),
(1077, 'T5', 499),
(1077, 'T6', 251),
(1077, 'P1', 62),
(1077, 'P1', 650),
(1077, 'P2', 430),
(1077, 'P2', 450),
(1077, 'P3', 647),
(1077, 'P3', 302),
(1077, 'P4', 430),
(1077, 'P4', 647),
(1077, 'P5', 62),
(1077, 'P5', 650),
(1077, 'P6', 302),
(1077, 'P6', 450),
(1078, 'L1', 403),
(1078, 'T1', 118),
(1078, 'T2', 691),
(1078, 'T3', 616),
(1078, 'T4', 421),
(1078, 'T5', 95),
(1080, 'L1', 365),
(1080, 'T1', 105),
(1080, 'T2', 294),
(1080, 'T3', 421),
(1080, 'T4', 599),
(1080, 'T5', 578),
(1080, 'T6', 487),
(1079, 'L1', 408),
(1079, 'L2', 572),
(1079, 'T1', 49),
(1079, 'T2', 197),
(1079, 'T3', 431),
(1079, 'T4', 394),
(1079, 'T5', 628),
(1079, 'T6', 583),
(1079, 'T7', 95),
(1079, 'T8', 105),
(1079, 'P1', 579),
(1079, 'P1', 484),
(1079, 'P2', 110),
(1079, 'P2', 434),
(1079, 'P3', 458),
(1079, 'P3', 605),
(1079, 'P4', 155),
(1079, 'P4', 149),
(1079, 'P5', 110),
(1079, 'P5', 93),
(1079, 'P6', 579),
(1079, 'P6', 484),
(1079, 'P7', 458),
(1079, 'P7', 708),
(1889, 'L1', 283),
(1889, 'P1', 295),
(1889, 'P1', 712),
(1657, 'L1', 242),
(1242, 'L1', 570),
(1242, 'T1', 246),
(1242, 'T2', 616),
(1242, 'T3', 691),
(1242, 'P1', 756),
(1242, 'P1', 169),
(1242, 'P2', 443),
(1242, 'P2', 708),
(1242, 'P3', 443),
(1242, 'P3', 708),
(1242, 'P4', 756),
(1242, 'P4', 169),
(1243, 'L1', 22),
(1243, 'L2', 578),
(1243, 'T1', 578),
(1243, 'T2', 394),
(1243, 'T3', 599),
(1243, 'T4', 487),
(1243, 'T5', 294),
(1731, 'L1', 242),
(1742, 'L1', 242),
(1691, 'L1', 242),
(1758, 'L1', 242),
(2288, 'L1', 726),
(1254, 'L1', 138),
(1259, 'L1', 465),
(1256, 'L1', 240),
(1256, 'P1', 169),
(1256, 'P2', 232),
(1257, 'L1', 283),
(1249, 'L1', 531),
(1855, 'L1', 416),
(1855, 'L1', 379),
(1855, 'P1', 117),
(1855, 'P1', 451),
(1716, 'L1', 242),
(324, 'L1N', 320),
(324, 'P1N', 605),
(324, 'P2N', 674),
(2175, 'L1', 176),
(698, 'L1N', 416),
(698, 'P1N', 117),
(698, 'P1N', 451),
(712, 'L1', 718),
(712, 'P1', 370),
(1896, 'L1', 26),
(1897, 'L1', 718),
(707, 'L1N', 529),
(471, 'L1', 14),
(921, 'L1', 726),
(2267, 'L1', 529),
(1658, 'L1', 27),
(1539, 'L1', 467),
(1539, 'L1', 185),
(1539, 'L2M', 491),
(1545, 'L1', 30),
(1545, 'L2M', 111),
(1732, 'L1', 27),
(1743, 'L1', 27),
(1692, 'L1', 27),
(1759, 'L1', 27),
(1942, 'L1', 171),
(1942, 'L2M', 185),
(1717, 'L1', 27),
(1130, 'L1', 723),
(1130, 'L1', 755),
(1131, 'L1', 528),
(1131, 'L1', 518),
(1132, 'L1', 528),
(1132, 'L1', 86),
(1133, 'L1', 568),
(1133, 'L1', 575),
(1134, 'P1', 538),
(1134, 'P1', 743),
(1135, 'L1', 568),
(1135, 'L1', 575),
(1136, 'L1', 535),
(1136, 'L1', 511),
(1136, 'L2', 221),
(1169, 'L1', 566),
(1169, 'L1', 677),
(1170, 'L1', 695),
(1170, 'L1', 721),
(1159, 'L1', 324),
(1159, 'L1', 388),
(1659, 'L1', 177),
(1173, 'L1', 313),
(1173, 'L1', 124),
(1174, 'L1', 289),
(1914, 'L1', 407),
(1914, 'L1', 643),
(1163, 'L1', 728),
(1163, 'P1', 739),
(1137, 'L1', 288),
(1137, 'L1', 228),
(1175, 'L1', 695),
(1175, 'L1', 721),
(1873, 'L1', 215),
(1873, 'L1', 511),
(1733, 'L1', 177),
(1744, 'L1', 177),
(1693, 'L1', 177),
(1760, 'L1', 177),
(1718, 'L1', 177),
(1596, 'L1', 18),
(1596, 'L1', 459),
(1621, 'L1', 239),
(1621, 'L1', 349),
(1627, 'L1', 24),
(1627, 'L1', 740),
(1628, 'L1', 24),
(1628, 'L1', 740),
(2425, 'L1', 728),
(1776, 'L1', 177),
(1777, 'L1', 475),
(1777, 'L1', 59),
(1155, 'L1', 177),
(1155, 'L1', 459),
(1609, 'L1', 475),
(1609, 'L1', 59),
(1597, 'L1', 18),
(1599, 'L1', 726),
(1599, 'L1', 689),
(1623, 'L1', 289),
(1625, 'L1', 239),
(1625, 'L1', 188),
(1626, 'L1', 723),
(1626, 'L1', 68),
(2289, 'L1', 324),
(2289, 'L1', 161),
(1096, 'L1', 237),
(1096, 'L2', 118),
(1096, 'T1', 49),
(1096, 'T2', 200),
(1096, 'T3', 245),
(1096, 'T4', 118),
(1096, 'T5', 499),
(1096, 'T6', 251),
(1096, 'P1', 62),
(1096, 'P1', 650),
(1096, 'P2', 430),
(1096, 'P2', 450),
(1096, 'P3', 302),
(1096, 'P3', 647),
(1096, 'P4', 430),
(1096, 'P4', 647),
(1096, 'P5', 650),
(1096, 'P5', 62),
(1096, 'P6', 450),
(1096, 'P6', 302),
(1097, 'L1', 403),
(1097, 'T1', 118),
(1097, 'T2', 691),
(1097, 'T3', 616),
(1097, 'T4', 421),
(1097, 'T5', 95),
(1099, 'L1', 365),
(1099, 'T1', 105),
(1099, 'T2', 294),
(1099, 'T3', 421),
(1099, 'T4', 599),
(1099, 'T5', 578),
(1099, 'T6', 487),
(1098, 'L1', 408),
(1098, 'L2', 572),
(1098, 'T1', 49),
(1098, 'T2', 197),
(1098, 'T3', 431),
(1098, 'T4', 394),
(1098, 'T5', 628),
(1098, 'T6', 583),
(1098, 'T7', 95),
(1098, 'T8', 105),
(1098, 'P1', 579),
(1098, 'P1', 484),
(1098, 'P2', 110),
(1098, 'P2', 434),
(1098, 'P3', 458),
(1098, 'P3', 605),
(1098, 'P4', 155),
(1098, 'P4', 149),
(1098, 'P5', 110),
(1098, 'P5', 93),
(1098, 'P6', 579),
(1098, 'P6', 484),
(1098, 'P7', 458),
(1098, 'P7', 708),
(1660, 'L1', 242),
(1345, 'L1', 751),
(1345, 'P1', 591),
(1345, 'P1', 678),
(1345, 'P2', 101),
(1345, 'P2', 678),
(1345, 'P3', 591),
(1345, 'P3', 101),
(1346, 'L1', 419),
(1346, 'T1', 754),
(1346, 'T2', 679),
(1346, 'T3', 457),
(1347, 'L1', 22),
(1347, 'L2', 578),
(1347, 'T1', 578),
(1347, 'T2', 394),
(1347, 'T3', 599),
(1347, 'T4', 487),
(1347, 'T5', 294),
(1734, 'L1', 242),
(1745, 'L1', 242),
(1694, 'L1', 242),
(1761, 'L1', 242),
(1719, 'L1', 242),
(1331, 'L1', 238),
(275, 'L1', 560),
(1010, 'L1B', 195),
(1010, 'L2N', 498),
(1010, 'L2N', 119),
(1010, 'L3N', 588),
(1010, 'L3N', 223),
(1010, 'L4N', 700),
(1010, 'L4N', 438),
(1010, 'T1B', 195),
(1010, 'T2N', 716),
(1010, 'T3N', 348),
(1010, 'T4N', 606),
(1010, 'T5N', 670),
(1010, 'T6N', 233),
(1010, 'T7N', 593),
(1010, 'T8N', 657),
(1010, 'T9N', 711),
(1010, 'T10N', 688),
(1010, 'T11N', 438),
(1010, 'T12N', 516),
(1010, 'T13N', 657),
(1010, 'T14N', 67),
(1010, 'T15N', 598),
(1010, 'T16N', 573),
(1010, 'T17N', 626),
(1010, 'T18N', 593),
(1010, 'T19N', 657),
(1010, 'T20N', 249),
(1010, 'T21N', 300),
(1010, 'T22N', 513),
(1010, 'T23N', 589),
(1010, 'T24N', 654),
(1010, 'T25N', 588),
(1022, 'L1', 471),
(1022, 'L1', 652),
(1022, 'L2', 390),
(1022, 'L3', 657),
(1022, 'L4', 162),
(1022, 'L4', 334),
(1022, 'L5', 141),
(1022, 'L5', 123),
(1022, 'L6', 150),
(1022, 'L7', 593),
(1022, 'L8', 277),
(1022, 'L8', 427),
(1022, 'L9', 195),
(1022, 'L9', 84),
(1022, 'L10', 154),
(1022, 'L11', 672),
(1022, 'L12', 305),
(1022, 'CH1', 495),
(1022, 'CH1', 652),
(1022, 'CH2', 390),
(1022, 'CH3', 657),
(1022, 'CH4', 162),
(1022, 'CH4', 334),
(1022, 'CH5', 141),
(1022, 'CH5', 123),
(1022, 'CH6', 150),
(1022, 'CH7', 593),
(1022, 'CH8', 277),
(1022, 'CH8', 427),
(1022, 'CH9', 195),
(1022, 'CH9', 84),
(1022, 'CH10', 154),
(1022, 'CH11', 672),
(1022, 'CH12', 305),
(1122, 'L1', 633),
(1122, 'L2', 158),
(1122, 'L3', 502),
(1122, 'L4M', 633),
(1122, 'T1', 633),
(1122, 'T2', 162),
(1122, 'T3', 502),
(1123, 'L1', 411),
(1123, 'L2', 207),
(1123, 'T1', 438),
(1123, 'T2', 207),
(1124, 'L1', 216),
(1124, 'T1', 223),
(1125, 'L1', 265),
(1125, 'T1', 277),
(1662, 'L1', 175),
(1469, 'L1', 700),
(1469, 'T1', 711),
(1470, 'L1', 132),
(1470, 'T1', 141),
(1471, 'L1', 471),
(1471, 'T1', 495),
(1472, 'L1', 32),
(1473, 'L1', 411),
(1679, 'L1', 175),
(1747, 'L1', 175),
(1696, 'L1', 175),
(1763, 'L1', 175),
(1480, 'L1', 286),
(2273, 'L1', 565),
(2273, 'L2M', 672),
(1330, 'L1', 180),
(1881, 'L1', 20),
(1476, 'L1', 477),
(1476, 'L2M', 502),
(1721, 'L1', 175),
(939, 'L1', 472),
(2233, 'L1', 415),
(2235, 'L1', 30),
(2258, 'L1', 17),
(2429, 'L1', 472),
(2236, 'L1', 6),
(1907, 'L1', 322),
(1909, 'L1', 262),
(1910, 'L1', 262),
(2363, 'L1', 366),
(2364, 'L1', 268),
(2365, 'L1', 310),
(2365, 'L1', 612),
(2328, 'L1', 367),
(2329, 'L1', 540),
(2245, 'L1', 268),
(2249, 'L1', 174),
(2250, 'L1', 543),
(2250, 'L1', 707),
(2250, 'L1', 515),
(2379, 'L1B', 220),
(2379, 'L2N', 229),
(2379, 'P1B', 229),
(2379, 'P2N', 710),
(2379, 'P3N', 747),
(2379, 'P4N', 116),
(2379, 'P5N', 609),
(2379, 'P6N', 128),
(2379, 'P7N', 376),
(2379, 'P8N', 710),
(1083, 'L1', 548),
(1083, 'T1', 69),
(1083, 'T2', 229),
(1083, 'T3', 279),
(1083, 'T4', 615),
(1083, 'T5', 108),
(1082, 'L1', 556),
(1082, 'T1', 646),
(1082, 'T2', 574),
(1082, 'T3', 346),
(1082, 'T4', 311),
(1082, 'T5', 115),
(1084, 'L1B', 1),
(1084, 'P1B', 488),
(1084, 'T4', 684),
(1085, 'P1', 1),
(2394, 'L1', 210),
(2394, 'T1', 351),
(2394, 'T2', 211),
(2394, 'T3', 571),
(2394, 'T4', 360),
(2394, 'T5', 747),
(2394, 'P1', 351),
(2394, 'P2', 747),
(2394, 'P3', 196),
(2394, 'P4', 736),
(2396, 'L1', 1),
(2396, 'T1', 2),
(2396, 'T2', 36),
(2396, 'T3', 346),
(2396, 'T4', 684),
(2396, 'P1', 488),
(2396, 'P2', 594),
(2396, 'P3', 356),
(2396, 'P4', 191),
(1266, 'L1', 724),
(1663, 'L1', 315),
(1267, 'L1', 315),
(1268, 'L1', 315),
(2401, 'L1', 315),
(2401, 'T1', 279),
(2401, 'T2', 69),
(2401, 'T3', 225),
(2401, 'T4', 73),
(2401, 'T5', 340),
(2403, 'L1', 462),
(2403, 'T1', 485),
(2403, 'P1', 595),
(2403, 'P2', 496),
(2403, 'P3', 74),
(2403, 'P4', 658),
(2404, 'L1', 560),
(2404, 'L1', 206),
(2404, 'T1', 40),
(2404, 'T2', 608),
(2404, 'T3', 661),
(2404, 'T4', 206),
(2405, 'L1', 530),
(2405, 'T1', 574),
(2405, 'T2', 85),
(2405, 'T3', 693),
(2405, 'T4', 203),
(1680, 'L1', 315),
(1748, 'L1', 315),
(1697, 'L1', 315),
(1764, 'L1', 315),
(1275, 'L1', 13),
(2291, 'L1', 699),
(1277, 'L1', 15),
(1278, 'L1', 462),
(1281, 'L1', 401),
(1281, 'T1', 402),
(1284, 'L1N', 699),
(1868, 'L1', 319),
(1868, 'L1', 496),
(1290, 'L1', 315),
(741, 'L1N', 137),
(741, 'L2', 152),
(322, 'L1N', 217),
(322, 'L2', 225),
(262, 'L1', 414),
(262, 'L1', 42),
(2098, 'L1', 156),
(2079, 'L1N', 329),
(2079, 'L1N', 73),
(2086, 'L1N', 473),
(2087, 'L1', 701),
(740, 'L1', 267),
(742, 'L1N', 541),
(743, 'L1N', 369),
(743, 'P1N', 155),
(743, 'P2N', 291),
(2063, 'L1', 14),
(2063, 'P1', 232),
(500, 'L1', 22),
(2064, 'L1', 159),
(2064, 'L1', 110),
(932, 'L1', 22),
(932, 'L1', 164),
(606, 'L1', 4),
(744, 'L1N', 464),
(1107, 'L1', 548),
(1107, 'T1', 69),
(1107, 'T2', 229),
(1107, 'T3', 279),
(1107, 'T4', 615),
(1107, 'T5', 108),
(2395, 'L1', 210),
(2395, 'T1', 351),
(2395, 'T2', 211),
(2395, 'T3', 571),
(2395, 'T4', 360),
(2395, 'T5', 747),
(2395, 'P1', 351),
(2395, 'P2', 747),
(2395, 'P3', 196),
(2395, 'P4', 736),
(2410, 'P1', 11),
(2411, 'L1', 15),
(2411, 'P1', 505),
(2411, 'P2', 446),
(2411, 'P3', 747),
(2411, 'P4', 194),
(1664, 'L1', 315),
(2431, 'L1', 315),
(2431, 'T1', 279),
(2431, 'T2', 69),
(2431, 'T3', 225),
(2431, 'T4', 73),
(2431, 'T5', 340),
(2415, 'L1', 414),
(2415, 'T1', 445),
(2415, 'P1', 685),
(2415, 'P2', 439),
(2416, 'L1', 179),
(2416, 'P1', 629),
(2416, 'P2', 206),
(1681, 'L1', 315),
(1749, 'L1', 315),
(1698, 'L1', 315),
(1765, 'L1', 315),
(1418, 'L1', 560),
(1884, 'L1', 287),
(1422, 'L1', 315),
(2453, 'L1', 310),
(2454, 'L1', 543),
(2455, 'L1', 17),
(2455, 'L1', 448),
(2456, 'L1', 322),
(2456, 'L1', 274),
(2457, 'L1', 713),
(2457, 'P1', 715),
(2457, 'P2', 715),
(2458, 'L1', 174),
(2458, 'P1', 190),
(2458, 'P2', 190),
(2459, 'L1', 697),
(2459, 'P1', 706),
(2459, 'P2', 706),
(649, 'L1', 3),
(1932, 'L1', 133),
(1932, 'L1', 209),
(667, 'L1', 18),
(673, 'L1', 18),
(1086, 'L1', 532),
(1086, 'T1', 584),
(1086, 'P1', 618),
(1086, 'P1', 582),
(1086, 'P1', 520),
(1086, 'P1', 353),
(1086, 'P2', 618),
(1086, 'P2', 582),
(1086, 'P2', 353),
(1086, 'P2', 254),
(1292, 'L1', 482),
(1292, 'T1', 512),
(1292, 'P1', 292),
(1292, 'P1', 374),
(1292, 'P1', 638),
(1292, 'P2', 292),
(1292, 'P2', 374),
(1292, 'P2', 634),
(1665, 'L1', 241),
(1295, 'L1', 470),
(1295, 'T1', 494),
(1295, 'P1', 738),
(1295, 'P1', 592),
(1295, 'P1', 56),
(1295, 'P1', 622),
(1295, 'P2', 738),
(1295, 'P2', 596),
(1295, 'P2', 592),
(1295, 'P2', 56),
(1297, 'L1', 460),
(1297, 'T1', 461),
(1297, 'P1', 77),
(1297, 'P1', 611),
(1297, 'P1', 357),
(1297, 'P2', 77),
(1297, 'P2', 64),
(1297, 'P2', 357),
(1299, 'L1', 523),
(1299, 'T1', 524),
(1299, 'P1', 222),
(1299, 'P1', 97),
(1299, 'P1', 142),
(1299, 'P1', 382),
(1299, 'P1', 337),
(1299, 'P1', 293),
(1300, 'L1', 19),
(1300, 'T1', 82),
(1300, 'P1', 250),
(1300, 'P1', 226),
(1300, 'P1', 510),
(1300, 'P2', 520),
(1300, 'P2', 189),
(1300, 'P2', 510),
(1682, 'L1', 241),
(1750, 'L1', 241),
(1699, 'L1', 241),
(1766, 'L1', 241),
(1303, 'L1', 328),
(1305, 'L1', 470),
(1306, 'L1', 532),
(1724, 'L1', 241),
(351, 'L1N', 214),
(351, 'P1N', 344),
(351, 'P1N', 577),
(351, 'P1N', 41),
(2381, 'L1', 34),
(2383, 'L1', 328),
(2383, 'P1', 424),
(2383, 'P1', 577),
(2385, 'L1N', 19),
(2387, 'L1N', 523),
(2387, 'P1N', 424),
(2387, 'P1N', 189),
(2387, 'P1N', 577),
(2387, 'P1N', 631),
(2387, 'P1N', 301),
(2387, 'P1N', 344),
(2387, 'P1N', 337),
(2387, 'P1N', 293),
(183, 'L1', 523),
(183, 'P1', 142),
(183, 'P1', 70),
(183, 'P1', 625),
(653, 'L1N', 218),
(653, 'P1N', 168),
(653, 'P1N', 749),
(653, 'P1N', 424),
(653, 'P1N', 231),
(55, 'L1N', 241),
(2125, 'L1N', 241),
(2125, 'P1N', 70),
(2125, 'P1N', 127),
(2293, 'L1', 218),
(2293, 'P1', 168),
(2293, 'P1', 749),
(2293, 'P1', 231),
(2388, 'L1N', 34),
(2388, 'P1', 393),
(2388, 'P1', 127),
(747, 'L1N', 173),
(747, 'P1N', 97),
(747, 'P1N', 226),
(747, 'P1N', 273),
(747, 'P1N', 189),
(955, 'L1', 328),
(955, 'P1', 103),
(955, 'P1', 393),
(955, 'P1', 641),
(510, 'L1', 25),
(145, 'L1', 173),
(145, 'P1', 103),
(145, 'P1', 301),
(145, 'P1', 41),
(767, 'L1', 532),
(2105, 'L1N', 482),
(2105, 'P1N', 596),
(2105, 'P1N', 638),
(2105, 'P1N', 622),
(2389, 'L1', 19),
(2390, 'L1', 470),
(2391, 'L1', 214),
(2393, 'L1', 460),
(2069, 'L1', 241),
(1014, 'P1B', 501),
(1014, 'P1B', 389),
(1014, 'P2N', 385),
(1014, 'P2N', 642),
(1014, 'P3N', 644),
(1014, 'P3N', 230),
(1014, 'P4N', 72),
(1014, 'P4N', 193),
(1014, 'P5N', 613),
(1014, 'P5N', 682),
(1014, 'P6N', 184),
(1014, 'P6N', 60),
(1014, 'P7N', 263),
(1014, 'P7N', 613),
(1014, 'P8N', 39),
(1014, 'P8N', 336),
(1014, 'P9N', 659),
(1014, 'P9N', 75),
(1014, 'P10N', 732),
(1014, 'P10N', 649),
(1014, 'P11N', 383),
(1014, 'P11N', 87),
(1014, 'P12N', 248),
(1014, 'P12N', 163),
(1014, 'P13N', 504),
(1014, 'P13N', 298),
(1014, 'P14N', 632),
(1014, 'P14N', 350),
(1014, 'P15N', 58),
(1014, 'P15N', 109),
(1014, 'P16N', 72),
(1014, 'P16N', 662),
(1014, 'P17N', 732),
(1014, 'P17N', 87),
(1014, 'P18N', 99),
(1014, 'P18N', 385),
(1014, 'P19N', 184),
(1014, 'P19N', 396),
(1014, 'P20N', 186),
(1014, 'P20N', 355),
(1014, 'P21N', 377),
(1014, 'P21N', 386),
(1014, 'P22N', 122),
(1014, 'P22N', 60),
(1014, 'P23N', 163),
(1014, 'P23N', 109),
(1015, 'L1B', 405),
(1015, 'L2N', 732),
(1015, 'L2N', 297),
(1015, 'L3N', 390),
(1015, 'L3N', 184),
(1015, 'T1B', 423),
(1015, 'T2N', 72),
(1015, 'T3N', 720),
(1015, 'T4N', 297),
(1015, 'T5N', 660),
(1015, 'T6N', 72),
(1015, 'T7N', 184),
(1015, 'T8N', 423),
(1015, 'T9N', 732),
(1015, 'T10N', 154),
(1015, 'T11N', 586),
(1015, 'T12N', 184),
(1015, 'T13N', 666),
(1859, 'L1N', 534),
(1859, 'T1N', 586),
(1126, 'L1', 476),
(1126, 'T1', 501),
(1127, 'L1', 719),
(1127, 'L2', 99),
(1127, 'T1', 720),
(1127, 'T2', 99),
(1128, 'L1', 172),
(1128, 'T1', 186),
(1129, 'P1', 284),
(1129, 'P1', 660),
(1129, 'P2', 666),
(1129, 'P2', 490),
(1666, 'L1', 476),
(1486, 'L1', 696),
(1486, 'T1', 704),
(1487, 'L1', 363),
(1487, 'T1', 377),
(1488, 'L1', 480),
(1488, 'T1', 506),
(1494, 'L1', 696),
(1683, 'L1', 476),
(1751, 'L1', 476),
(1700, 'L1', 476),
(1767, 'L1', 476),
(2136, 'L1', 466),
(1496, 'L1', 312),
(1498, 'L1', 480),
(1500, 'L1', 559),
(1502, 'L1', 263),
(1725, 'L1', 476),
(2297, 'L1N', 9),
(2298, 'L1N', 698),
(2299, 'L1N', 368),
(632, 'L1N', 750),
(2109, 'L1', 238),
(485, 'L1', 325),
(430, 'L1N', 694);




